image_id,crop_type,disease_name,status,file_size_kb,width,height,brightness,blurriness_score
IMG_0001,Cherry,Healthy,Healthy,4220.99,256,256,13.65,7.16
IMG_0002,Pepper,Bell_Bacterial_Spot,Diseased,1627.56,1024,1024,111.44,20.13
IMG_0003,Pepper,Bell_Bacterial_Spot,Diseased,810.03,256,256,92.91,40.45
IMG_0004,Apple,Healthy,Healthy,1275.08,1024,1024,152.9,39.94
IMG_0005,Potato,Late_Blight,Diseased,1259.74,256,256,93.23,11.75
IMG_0006,Tomato,Early_Blight,Diseased,1383.32,256,256,119.26,20.22
IMG_0007,Potato,Early_Blight,Diseased,628.67,1024,1024,120.94,46.79
IMG_0008,Peach,Bacterial_Spot,Diseased,1082.44,256,256,138.86,26.49
IMG_0009,Strawberry,Leaf_Scorch,Diseased,1732.85,512,512,100.72,16.16
IMG_0010,Cherry,Powdery_Mildew,Diseased,1855.1,256,256,82.21,29.67
IMG_0011,Apple,Rust,Diseased,1471.2,256,256,153.42,83.69
IMG_0012,Cherry,Powdery_Mildew,Diseased,1901.41,256,256,80.51,11.6
IMG_0013,Cherry,Powdery_Mildew,Diseased,1536.7,1024,1024,111.08,22.99
IMG_0014,Cherry,Powdery_Mildew,Diseased,704.97,256,256,146.18,15.57
IMG_0015,Grape,Healthy,Healthy,1362.37,256,256,147.06,62.16
IMG_0016,Strawberry,Healthy,Healthy,1800.31,256,256,91.71,43.16
IMG_0017,Tomato,Healthy,Healthy,1137.21,256,256,116.76,13.35
IMG_0018,Grape,Healthy,Healthy,1173.06,256,256,106.46,11.88
IMG_0019,Tomato,Early_Blight,Diseased,1236.33,256,256,116.0,43.61
IMG_0020,Pepper,Healthy,Healthy,1501.57,256,256,94.99,91.26
IMG_0021,Corn,Healthy,Healthy,1481.84,512,512,109.51,69.51
IMG_0022,Apple,Healthy,Healthy,1586.77,256,256,154.39,15.06
IMG_0023,Strawberry,Leaf_Scorch,Diseased,1671.21,512,512,145.59,48.98
IMG_0024,Apple,Healthy,Healthy,512.12,256,256,141.37,23.84
IMG_0025,Corn,Common_Rust,Diseased,1441.22,256,256,163.17,35.92
IMG_0026,Tomato,Healthy,Healthy,1572.25,1024,1024,149.46,33.28
IMG_0027,Strawberry,Leaf_Scorch,Diseased,1442.8,256,256,112.91,44.05
IMG_0028,Grape,Healthy,Healthy,726.17,256,256,150.92,14.92
IMG_0029,Apple,Rust,Diseased,1144.19,1024,1024,151.87,89.19
IMG_0030,Tomato,Healthy,Healthy,,256,256,126.84,11.23
IMG_0031,Tomato,Late_Blight,Diseased,1495.37,256,256,163.95,30.08
IMG_0032,Corn,Common_Rust,Diseased,1576.24,1024,1024,121.05,105.24
IMG_0033,Apple,Rust,Diseased,1784.04,256,256,97.89,240.53
IMG_0034,Potato,Healthy,Healthy,1536.99,256,256,159.97,70.61
IMG_0035,Cherry,Powdery_Mildew,Diseased,1233.22,256,256,90.66,59.43
IMG_0036,Grape,Black_Rot,Diseased,823.27,256,256,91.02,11.4
IMG_0037,Potato,Early_Blight,Diseased,2255.82,256,256,152.07,108.45
IMG_0038,Tomato,Early_Blight,Diseased,1229.68,512,512,90.85,83.48
IMG_0039,Corn,Common_Rust,Diseased,2455.61,256,256,169.76,29.5
IMG_0040,Tomato,Healthy,Healthy,2237.37,256,256,110.98,14.22
IMG_0041,Strawberry,Healthy,Healthy,1019.88,256,256,121.2,63.97
IMG_0042,Corn,Common_Rust,Diseased,1366.2,1024,1024,139.26,37.2
IMG_0043,Apple,Black_Rot,Diseased,1364.25,256,256,100.31,19.64
IMG_0044,Corn,Common_Rust,Diseased,1173.89,256,256,128.85,158.94
IMG_0045,Grape,Healthy,Healthy,1500.73,256,256,146.02,154.35
IMG_0046,Grape,Healthy,Healthy,1802.37,256,256,102.87,95.92
IMG_0047,Apple,Black_Rot,Diseased,1612.4,256,256,137.76,94.23
IMG_0048,Strawberry,Leaf_Scorch,Diseased,1250.92,256,256,146.68,76.41
IMG_0049,Corn,Common_Rust,Diseased,1168.4,512,512,172.72,33.26
IMG_0050,Cherry,Healthy,Healthy,1275.93,256,256,167.66,79.49
IMG_0051,Strawberry,Leaf_Scorch,Diseased,2022.19,256,256,125.24,127.9
IMG_0052,Strawberry,Leaf_Scorch,Diseased,1508.4,1024,1024,129.91,14.35
IMG_0053,Corn,Common_Rust,Diseased,1949.42,256,256,158.42,143.63
IMG_0054,Cherry,Healthy,Healthy,2357.28,256,256,149.9,16.23
IMG_0055,Strawberry,Healthy,Healthy,1536.03,512,512,99.12,121.23
IMG_0056,Potato,Late_Blight,Diseased,1533.09,256,256,124.85,116.16
IMG_0057,Tomato,Healthy,Healthy,,256,256,129.62,71.05
IMG_0058,Apple,Healthy,Healthy,1830.48,256,256,108.55,77.54
IMG_0059,Peach,Bacterial_Spot,Diseased,1721.88,256,256,106.36,14.33
IMG_0060,Tomato,Early_Blight,Diseased,1793.27,256,256,173.37,29.48
IMG_0061,Pepper,Bell_Bacterial_Spot,Diseased,1689.45,256,256,143.86,59.38
IMG_0062,Pepper,Bell_Bacterial_Spot,Diseased,1521.74,1024,1024,95.72,120.48
IMG_0063,Peach,Healthy,Healthy,1105.11,256,256,96.53,32.34
IMG_0064,Grape,Healthy,Healthy,1303.53,256,256,88.36,56.16
IMG_0065,Apple,Black_Rot,Diseased,1450.88,256,256,113.64,50.1
IMG_0066,Corn,Common_Rust,Diseased,,256,256,139.84,33.64
IMG_0067,Strawberry,Healthy,Healthy,1603.47,256,256,72.42,13.92
IMG_0068,Tomato,Late_Blight,Diseased,1993.01,1024,1024,151.37,154.81
IMG_0069,,Black_Rot,Diseased,1204.15,256,256,98.11,80.73
IMG_0070,Potato,Healthy,Healthy,1240.3,256,256,136.09,46.72
IMG_0071,Tomato,Early_Blight,Diseased,,256,256,144.84,91.75
IMG_0072,Cherry,Healthy,Healthy,2036.84,256,256,153.1,50.46
IMG_0073,Apple,Healthy,Healthy,1644.07,256,256,125.29,69.81
IMG_0074,Grape,Healthy,Healthy,2187.44,1024,1024,105.19,205.68
IMG_0075,Corn,Healthy,Healthy,1949.07,256,256,74.99,18.24
IMG_0076,Pepper,Healthy,Healthy,923.52,256,256,105.29,42.12
IMG_0077,Potato,Late_Blight,Diseased,1287.9,256,256,79.03,21.55
IMG_0078,Potato,Late_Blight,Diseased,1182.85,256,256,100.46,59.43
IMG_0079,Peach,Healthy,Healthy,1348.38,256,256,108.29,224.36
IMG_0080,Peach,Healthy,Healthy,1076.17,256,256,139.72,13.22
IMG_0081,Peach,Bacterial_Spot,Diseased,1730.62,256,256,95.07,48.03
IMG_0082,Strawberry,Leaf_Scorch,Diseased,1624.5,256,256,88.61,29.84
IMG_0083,Strawberry,Leaf_Scorch,Diseased,1360.09,256,256,129.74,76.75
IMG_0084,Peach,Healthy,Healthy,655.72,256,256,91.77,61.91
IMG_0085,Potato,Healthy,Healthy,940.57,256,256,87.33,20.32
IMG_0086,Peach,Bacterial_Spot,Diseased,1725.19,512,512,72.74,304.91
IMG_0087,Pepper,Healthy,Healthy,1818.99,256,256,145.02,95.98
IMG_0088,Potato,Healthy,Healthy,1558.08,256,256,145.69,182.09
IMG_0089,Grape,Black_Rot,Diseased,1756.23,256,256,147.77,45.27
IMG_0090,Grape,Black_Rot,Diseased,1174.09,256,256,89.99,13.27
IMG_0091,Potato,Late_Blight,Diseased,1266.97,256,256,75.54,56.58
IMG_0092,Apple,Rust,Diseased,1604.36,256,256,,145.11
IMG_0093,Strawberry,Healthy,Healthy,1695.22,512,512,129.25,18.94
IMG_0094,Corn,Common_Rust,Diseased,2132.05,512,512,130.87,114.86
IMG_0095,Strawberry,Healthy,Healthy,1399.95,256,256,110.96,44.93
IMG_0096,Strawberry,Leaf_Scorch,Diseased,2020.42,512,512,128.37,58.94
IMG_0097,Apple,Rust,Diseased,1566.08,256,256,134.38,48.12
IMG_0098,Cherry,Powdery_Mildew,Diseased,1727.57,512,512,93.4,78.12
IMG_0099,Grape,Healthy,Healthy,1479.3,512,512,110.29,40.53
IMG_0100,Grape,Healthy,Healthy,,256,256,123.83,83.89
IMG_0101,Apple,Healthy,Healthy,8729.86,256,256,170.22,22.9
IMG_0102,Cherry,Powdery_Mildew,Diseased,1706.81,256,256,155.83,15.31
IMG_0103,Tomato,Healthy,Healthy,1757.34,256,256,156.89,62.69
IMG_0104,Tomato,Healthy,Healthy,2125.88,256,256,145.0,139.89
IMG_0105,Cherry,Powdery_Mildew,Diseased,2515.48,256,256,98.38,10.23
IMG_0106,Strawberry,Leaf_Scorch,Diseased,1709.58,256,256,156.03,31.31
IMG_0107,Potato,Healthy,Healthy,898.89,256,256,85.78,37.14
IMG_0108,Peach,Bacterial_Spot,Diseased,1395.71,256,256,131.58,64.46
IMG_0109,Cherry,Powdery_Mildew,Diseased,1180.36,1024,1024,126.4,79.31
IMG_0110,Peach,Bacterial_Spot,Diseased,1434.19,256,256,131.23,100.57
IMG_0111,Apple,Rust,Diseased,1916.0,256,256,124.32,82.48
IMG_0112,Grape,Black_Rot,Diseased,1099.75,256,256,124.43,123.86
IMG_0113,Potato,Late_Blight,Diseased,1874.27,256,256,95.29,11.0
IMG_0114,Pepper,Bell_Bacterial_Spot,Diseased,2008.62,512,512,120.34,15.24
IMG_0115,Peach,Healthy,Healthy,1999.92,1024,1024,113.17,29.58
IMG_0116,Potato,Healthy,Healthy,1668.13,256,256,155.46,114.55
IMG_0117,Potato,Early_Blight,Diseased,1590.9,256,256,120.81,98.79
IMG_0118,Corn,Healthy,Healthy,1799.19,512,512,143.16,193.55
IMG_0119,Peach,Bacterial_Spot,Diseased,1484.95,512,512,124.42,25.65
IMG_0120,,Healthy,Healthy,1941.32,256,256,91.73,218.03
IMG_0121,Potato,Healthy,Healthy,1880.07,256,256,13.11,35.98
IMG_0122,Pepper,Healthy,Healthy,1715.83,512,512,78.73,25.5
IMG_0123,Peach,Healthy,Healthy,2166.19,256,256,132.9,46.59
IMG_0124,Potato,Early_Blight,Diseased,1905.75,512,512,112.92,34.66
IMG_0125,Peach,Bacterial_Spot,Diseased,,256,256,127.27,148.1
IMG_0126,Corn,Healthy,Healthy,1146.49,256,256,89.29,12.64
IMG_0127,Potato,Late_Blight,Diseased,1359.13,256,256,135.35,38.53
IMG_0128,Cherry,Powdery_Mildew,Diseased,1597.01,512,512,148.1,54.61
IMG_0129,Apple,Black_Rot,Diseased,,256,256,160.52,63.76
IMG_0130,Pepper,Healthy,Healthy,1409.5,512,512,110.43,229.78
IMG_0131,Cherry,Powdery_Mildew,Diseased,1608.63,1024,1024,118.87,139.11
IMG_0132,Potato,Healthy,Healthy,989.3,1024,1024,,29.22
IMG_0133,Cherry,Powdery_Mildew,Diseased,990.37,256,256,153.48,39.08
IMG_0134,Cherry,Healthy,Healthy,2065.62,256,256,141.23,76.94
IMG_0135,Tomato,Late_Blight,Diseased,960.21,256,256,107.01,47.64
IMG_0136,Apple,Healthy,Healthy,1734.2,1024,1024,137.82,42.68
IMG_0137,Strawberry,Healthy,Healthy,1321.8,256,256,108.88,31.9
IMG_0138,Potato,Early_Blight,Diseased,2081.35,256,256,75.99,37.91
IMG_0139,Tomato,Late_Blight,Diseased,1071.77,1024,1024,103.22,115.65
IMG_0140,Peach,Bacterial_Spot,Diseased,1773.05,1024,1024,156.59,35.67
IMG_0141,Pepper,Bell_Bacterial_Spot,Diseased,1448.72,256,256,170.9,59.68
IMG_0142,Cherry,Powdery_Mildew,Diseased,1299.54,256,256,127.14,46.21
IMG_0143,Potato,Early_Blight,Diseased,2394.27,512,512,141.03,40.57
IMG_0144,Peach,Bacterial_Spot,Diseased,1233.62,256,256,93.2,11.8
IMG_0145,Peach,Bacterial_Spot,Diseased,1159.78,256,256,103.98,44.25
IMG_0146,Pepper,Bell_Bacterial_Spot,Diseased,1541.89,256,256,103.64,44.17
IMG_0147,Apple,Rust,Diseased,2246.0,256,256,156.74,111.31
IMG_0148,Tomato,Healthy,Healthy,1828.19,512,512,160.75,66.99
IMG_0149,Pepper,Healthy,Healthy,1433.15,256,256,112.03,99.23
IMG_0150,Cherry,Healthy,Healthy,1558.69,256,256,167.38,25.04
IMG_0151,Peach,Bacterial_Spot,Diseased,1376.89,512,512,159.41,6.01
IMG_0152,Corn,Common_Rust,Diseased,1587.66,512,512,138.06,19.1
IMG_0153,Pepper,Bell_Bacterial_Spot,Diseased,776.02,256,256,141.09,183.49
IMG_0154,Grape,Black_Rot,Diseased,1886.01,256,256,92.23,29.55
IMG_0155,Apple,Healthy,Healthy,1277.92,256,256,137.54,18.93
IMG_0156,Cherry,Powdery_Mildew,Diseased,2252.46,256,256,84.0,63.14
IMG_0157,Apple,Black_Rot,Diseased,1672.34,512,512,161.64,28.69
IMG_0158,Pepper,Bell_Bacterial_Spot,Diseased,1597.32,512,512,143.6,51.36
IMG_0159,Peach,Healthy,Healthy,1607.87,512,512,164.57,59.2
IMG_0160,Corn,Healthy,Healthy,1407.98,1024,1024,151.39,16.24
IMG_0161,Tomato,Early_Blight,Diseased,1229.44,256,256,91.91,25.67
IMG_0162,Peach,Healthy,Healthy,2220.38,256,256,80.09,34.92
IMG_0163,Pepper,Healthy,Healthy,1986.06,1024,1024,160.55,17.89
IMG_0164,Strawberry,Healthy,Healthy,1796.83,256,256,135.97,51.01
IMG_0165,Potato,Late_Blight,Diseased,1149.47,256,256,72.86,17.12
IMG_0166,Cherry,Healthy,Healthy,1515.06,256,256,109.09,15.52
IMG_0167,Apple,Healthy,Healthy,1523.85,512,512,159.0,30.73
IMG_0168,Cherry,Powdery_Mildew,Diseased,1241.23,512,512,149.92,61.58
IMG_0169,Strawberry,Healthy,Healthy,1352.19,256,256,93.31,22.37
IMG_0170,Cherry,Healthy,Healthy,1581.82,256,256,136.2,44.48
IMG_0171,Potato,Early_Blight,Diseased,1126.71,1024,1024,150.62,67.01
IMG_0172,Pepper,Bell_Bacterial_Spot,Diseased,1801.33,256,256,118.61,36.88
IMG_0173,Peach,Healthy,Healthy,2053.78,512,512,128.13,54.34
IMG_0174,Corn,Healthy,Healthy,1802.98,256,256,168.57,26.21
IMG_0175,Apple,Rust,Diseased,2090.62,512,512,131.74,19.9
IMG_0176,Potato,Healthy,Healthy,2052.04,256,256,97.87,35.96
IMG_0177,Peach,Bacterial_Spot,Diseased,1959.51,256,256,153.01,63.46
IMG_0178,Tomato,Late_Blight,Diseased,804.11,256,256,142.7,30.09
IMG_0179,Strawberry,Leaf_Scorch,Diseased,2375.9,1024,1024,102.59,56.51
IMG_0180,Corn,Healthy,Healthy,996.03,256,256,162.23,111.35
IMG_0181,Grape,Healthy,Healthy,1005.06,256,256,79.26,68.27
IMG_0182,Grape,Black_Rot,Diseased,1751.7,256,256,92.64,190.78
IMG_0183,Cherry,Powdery_Mildew,Diseased,1559.21,256,256,92.55,17.75
IMG_0184,Potato,Early_Blight,Diseased,830.28,512,512,90.45,18.49
IMG_0185,Pepper,Bell_Bacterial_Spot,Diseased,1458.86,256,256,168.51,16.0
IMG_0186,Strawberry,Healthy,Healthy,1489.28,1024,1024,166.11,64.98
IMG_0187,Strawberry,Healthy,Healthy,1103.99,256,256,151.54,79.8
IMG_0188,Corn,Common_Rust,Diseased,1324.0,256,256,124.08,139.97
IMG_0189,Apple,Rust,Diseased,1815.96,256,256,125.79,59.74
IMG_0190,Cherry,Powdery_Mildew,Diseased,1343.43,256,256,112.92,33.36
IMG_0191,Pepper,Healthy,Healthy,1024.61,256,256,135.11,161.29
IMG_0192,Potato,Early_Blight,Diseased,1624.83,1024,1024,102.41,47.39
IMG_0193,Grape,Black_Rot,Diseased,1908.98,512,512,138.5,38.18
IMG_0194,Corn,Healthy,Healthy,625.72,1024,1024,117.52,42.62
IMG_0195,Apple,Rust,Diseased,1656.16,256,256,164.26,53.49
IMG_0196,Grape,Healthy,Healthy,1055.98,512,512,104.28,19.99
IMG_0197,Cherry,Powdery_Mildew,Diseased,1267.51,512,512,143.16,14.55
IMG_0198,Pepper,Bell_Bacterial_Spot,Diseased,1141.8,256,256,89.67,60.8
IMG_0199,Corn,Healthy,Healthy,2030.11,256,256,106.28,83.47
IMG_0200,Tomato,Early_Blight,Diseased,1668.81,256,256,138.87,65.65
IMG_0201,Strawberry,Healthy,Healthy,5091.59,256,256,95.4,42.02
IMG_0202,Corn,Common_Rust,Diseased,1672.88,256,256,92.89,60.8
IMG_0203,Strawberry,Healthy,Healthy,1281.16,256,256,125.31,39.23
IMG_0204,Cherry,Powdery_Mildew,Diseased,1565.43,256,256,110.23,74.43
IMG_0205,Cherry,Powdery_Mildew,Diseased,1059.69,256,256,103.76,90.56
IMG_0206,Corn,Healthy,Healthy,1215.48,512,512,130.64,30.25
IMG_0207,Pepper,Healthy,Healthy,2169.03,256,256,117.86,19.64
IMG_0208,Strawberry,Leaf_Scorch,Diseased,1667.61,256,256,108.21,31.35
IMG_0209,Peach,Healthy,Healthy,565.77,256,256,109.24,83.18
IMG_0210,Tomato,Late_Blight,Diseased,1300.28,256,256,93.71,110.01
IMG_0211,Corn,Healthy,Healthy,1004.73,256,256,86.81,33.98
IMG_0212,Potato,Healthy,Healthy,1509.94,256,256,146.9,152.7
IMG_0213,Potato,Healthy,Healthy,,256,256,118.75,35.31
IMG_0214,Pepper,Healthy,Healthy,1287.8,256,256,136.49,17.62
IMG_0215,Cherry,Healthy,Healthy,1281.5,256,256,95.65,52.55
IMG_0216,Strawberry,Healthy,Healthy,1892.43,256,256,170.63,56.6
IMG_0217,Pepper,Healthy,Healthy,1504.14,256,256,95.19,11.31
IMG_0218,Strawberry,Leaf_Scorch,Diseased,975.27,1024,1024,161.09,28.68
IMG_0219,Grape,Healthy,Healthy,1790.31,256,256,111.84,34.43
IMG_0220,Corn,Common_Rust,Diseased,1316.42,256,256,115.27,58.31
IMG_0221,Strawberry,Leaf_Scorch,Diseased,1274.54,256,256,88.78,13.22
IMG_0222,Grape,Healthy,Healthy,1335.63,1024,1024,143.03,58.89
IMG_0223,Pepper,Bell_Bacterial_Spot,Diseased,1850.83,256,256,119.65,42.85
IMG_0224,Cherry,Powdery_Mildew,Diseased,1769.43,256,256,118.71,37.11
IMG_0225,Pepper,Bell_Bacterial_Spot,Diseased,2199.7,256,256,119.81,59.62
IMG_0226,Corn,Healthy,Healthy,1817.61,256,256,93.93,61.94
IMG_0227,Corn,Healthy,Healthy,1225.23,256,256,120.96,93.22
IMG_0228,Grape,Black_Rot,Diseased,1316.71,256,256,171.17,87.3
IMG_0229,Strawberry,Leaf_Scorch,Diseased,1257.75,256,256,107.53,40.95
IMG_0230,Cherry,Healthy,Healthy,2230.4,256,256,106.57,39.95
IMG_0231,Apple,Black_Rot,Diseased,1535.46,256,256,77.67,13.74
IMG_0232,Peach,Bacterial_Spot,Diseased,2188.85,256,256,158.49,27.59
IMG_0233,Grape,Black_Rot,Diseased,1069.34,256,256,103.45,14.31
IMG_0234,Tomato,Healthy,Healthy,788.55,512,512,152.3,10.52
IMG_0235,Grape,Healthy,Healthy,1415.47,1024,1024,151.59,16.69
IMG_0236,Peach,Healthy,Healthy,1453.04,256,256,150.5,63.43
IMG_0237,Tomato,Early_Blight,Diseased,1262.09,256,256,136.28,23.77
IMG_0238,Corn,Healthy,Healthy,987.48,256,256,147.94,94.63
IMG_0239,Cherry,Powdery_Mildew,Diseased,1835.03,256,256,158.66,63.38
IMG_0240,Pepper,Healthy,Healthy,1174.54,1024,1024,102.4,17.06
IMG_0241,Grape,Black_Rot,Diseased,1494.65,256,256,11.5,78.02
IMG_0242,Apple,Healthy,Healthy,1714.57,256,256,80.88,114.83
IMG_0243,Corn,Common_Rust,Diseased,1582.5,512,512,160.18,20.78
IMG_0244,Potato,Healthy,Healthy,1017.94,256,256,159.37,68.22
IMG_0245,Strawberry,Healthy,Healthy,1978.76,512,512,103.21,81.08
IMG_0246,Grape,Black_Rot,Diseased,1533.23,512,512,135.51,16.66
IMG_0247,Grape,Healthy,Healthy,1229.01,256,256,88.75,11.48
IMG_0248,Grape,Healthy,Healthy,,512,512,115.13,61.41
IMG_0249,Peach,Bacterial_Spot,Diseased,2116.84,256,256,145.77,25.72
IMG_0250,Apple,Black_Rot,Diseased,2302.44,256,256,128.81,210.78
IMG_0251,Corn,Common_Rust,Diseased,1532.63,256,256,124.44,33.21
IMG_0252,Tomato,Healthy,Healthy,,512,512,150.13,19.53
IMG_0253,Pepper,Healthy,Healthy,968.91,256,256,165.42,160.1
IMG_0254,Corn,Common_Rust,Diseased,1493.67,256,256,120.07,54.07
IMG_0255,Pepper,Bell_Bacterial_Spot,Diseased,,512,512,130.68,33.65
IMG_0256,Corn,Healthy,Healthy,1578.92,512,512,116.94,14.2
IMG_0257,Cherry,Powdery_Mildew,Diseased,351.49,512,512,110.13,17.27
IMG_0258,Grape,Healthy,Healthy,1435.64,256,256,83.26,11.85
IMG_0259,Cherry,Powdery_Mildew,Diseased,1854.53,1024,1024,118.35,25.61
IMG_0260,Strawberry,Leaf_Scorch,Diseased,1222.94,512,512,116.74,31.23
IMG_0261,Potato,Late_Blight,Diseased,1432.48,256,256,132.52,116.91
IMG_0262,Corn,Healthy,Healthy,1544.38,512,512,145.07,204.49
IMG_0263,Corn,Common_Rust,Diseased,1164.9,256,256,157.0,20.11
IMG_0264,Tomato,Early_Blight,Diseased,1744.32,512,512,92.2,49.38
IMG_0265,Peach,Bacterial_Spot,Diseased,1303.21,256,256,140.94,22.82
IMG_0266,Potato,Late_Blight,Diseased,941.35,256,256,119.47,15.13
IMG_0267,Apple,Black_Rot,Diseased,1162.95,512,512,104.38,88.99
IMG_0268,Tomato,Healthy,Healthy,1901.22,512,512,149.11,10.91
IMG_0269,Peach,Bacterial_Spot,Diseased,1110.39,256,256,149.56,50.82
IMG_0270,Potato,Late_Blight,Diseased,1683.8,256,256,100.41,90.06
IMG_0271,Cherry,Healthy,Healthy,618.38,256,256,95.01,14.94
IMG_0272,Strawberry,Healthy,Healthy,1085.02,256,256,124.24,123.63
IMG_0273,Potato,Early_Blight,Diseased,2307.94,256,256,123.4,19.25
IMG_0274,Pepper,Bell_Bacterial_Spot,Diseased,767.84,256,256,98.84,95.84
IMG_0275,Corn,Healthy,Healthy,1156.26,1024,1024,97.9,29.51
IMG_0276,Pepper,Healthy,Healthy,,256,256,74.89,47.48
IMG_0277,Strawberry,Healthy,Healthy,1177.85,512,512,142.61,28.87
IMG_0278,Potato,Healthy,Healthy,1738.58,256,256,102.49,115.94
IMG_0279,Corn,Healthy,Healthy,1273.89,256,256,143.41,58.5
IMG_0280,Pepper,Bell_Bacterial_Spot,Diseased,1335.72,512,512,161.59,16.75
IMG_0281,Potato,Early_Blight,Diseased,1130.75,256,256,105.66,30.8
IMG_0282,Strawberry,Leaf_Scorch,Diseased,1701.53,256,256,75.21,62.94
IMG_0283,Grape,Healthy,Healthy,1773.37,256,256,156.16,10.01
IMG_0284,Potato,Early_Blight,Diseased,1262.35,256,256,140.69,198.18
IMG_0285,Grape,Black_Rot,Diseased,1411.26,512,512,150.91,91.71
IMG_0286,Grape,Black_Rot,Diseased,1668.67,1024,1024,122.5,26.53
IMG_0287,Grape,Healthy,Healthy,1347.85,256,256,81.47,26.69
IMG_0288,Corn,Common_Rust,Diseased,1387.19,256,256,135.49,114.88
IMG_0289,Potato,Late_Blight,Diseased,1020.76,1024,1024,135.99,26.79
IMG_0290,Apple,Healthy,Healthy,990.74,1024,1024,134.45,99.0
IMG_0291,Apple,Black_Rot,Diseased,1572.63,256,256,111.28,11.27
IMG_0292,Cherry,Powdery_Mildew,Diseased,2183.66,256,256,133.16,30.84
IMG_0293,Grape,Black_Rot,Diseased,2072.87,256,256,99.88,87.26
IMG_0294,Apple,Rust,Diseased,1391.39,256,256,119.58,25.66
IMG_0295,Pepper,Healthy,Healthy,1542.47,1024,1024,111.37,42.03
IMG_0296,Apple,Rust,Diseased,1312.18,256,256,93.78,10.28
IMG_0297,Tomato,Early_Blight,Diseased,1619.17,256,256,114.8,35.28
IMG_0298,Pepper,Healthy,Healthy,1615.49,256,256,124.32,47.92
IMG_0299,Cherry,Powdery_Mildew,Diseased,1492.58,512,512,112.67,35.09
IMG_0300,Apple,Black_Rot,Diseased,1930.46,512,512,118.17,165.12
IMG_0301,Corn,Healthy,Healthy,7297.13,256,256,122.41,9.06
IMG_0302,Grape,Healthy,Healthy,1714.07,256,256,137.01,35.9
IMG_0303,Apple,Healthy,Healthy,1289.48,256,256,161.0,44.87
IMG_0304,Apple,Rust,Diseased,2102.33,256,256,87.71,77.54
IMG_0305,Pepper,Bell_Bacterial_Spot,Diseased,1042.51,256,256,105.61,53.04
IMG_0306,Corn,Common_Rust,Diseased,1543.42,512,512,,13.49
IMG_0307,Corn,Healthy,Healthy,1381.61,256,256,154.85,22.83
IMG_0308,Apple,Healthy,Healthy,1933.44,512,512,133.12,53.64
IMG_0309,Strawberry,Healthy,Healthy,1913.02,256,256,101.73,120.41
IMG_0310,Tomato,Healthy,Healthy,1950.68,256,256,118.86,30.82
IMG_0311,Tomato,Late_Blight,Diseased,1885.94,256,256,150.16,68.28
IMG_0312,Potato,Late_Blight,Diseased,2146.23,256,256,140.89,15.23
IMG_0313,Pepper,Bell_Bacterial_Spot,Diseased,1060.74,256,256,128.61,125.17
IMG_0314,Corn,Healthy,Healthy,1355.28,256,256,125.39,49.41
IMG_0315,Grape,Black_Rot,Diseased,871.65,256,256,115.64,81.75
IMG_0316,Cherry,Powdery_Mildew,Diseased,1049.29,256,256,149.06,45.41
IMG_0317,Corn,Healthy,Healthy,1568.33,256,256,161.44,94.85
IMG_0318,Grape,Black_Rot,Diseased,2004.08,512,512,116.17,88.64
IMG_0319,Apple,Black_Rot,Diseased,1222.45,512,512,159.1,54.95
IMG_0320,Potato,Healthy,Healthy,1681.99,256,256,90.67,49.85
IMG_0321,Corn,Common_Rust,Diseased,1355.34,256,256,177.15,14.92
IMG_0322,Grape,Healthy,Healthy,2287.16,256,256,116.41,51.36
IMG_0323,Cherry,Powdery_Mildew,Diseased,1796.83,256,256,162.78,39.3
IMG_0324,Grape,Black_Rot,Diseased,1574.97,1024,1024,87.44,38.92
IMG_0325,Tomato,Late_Blight,Diseased,1445.9,256,256,155.89,42.39
IMG_0326,Pepper,Bell_Bacterial_Spot,Diseased,1901.43,512,512,137.44,95.68
IMG_0327,Strawberry,Healthy,Healthy,1584.66,512,512,126.89,14.71
IMG_0328,Cherry,Powdery_Mildew,Diseased,2190.36,512,512,151.32,80.01
IMG_0329,Corn,Healthy,Healthy,1975.57,512,512,97.33,14.04
IMG_0330,Grape,Healthy,Healthy,1783.32,256,256,122.33,53.02
IMG_0331,Potato,Late_Blight,Diseased,1512.08,256,256,111.75,71.39
IMG_0332,Potato,Early_Blight,Diseased,1743.44,512,512,113.46,35.65
IMG_0333,Cherry,Healthy,Healthy,1312.29,256,256,154.43,22.38
IMG_0334,Corn,Common_Rust,Diseased,1220.91,256,256,106.3,44.97
IMG_0335,Grape,Healthy,Healthy,2320.87,256,256,100.31,27.12
IMG_0336,Grape,Black_Rot,Diseased,1827.27,1024,1024,121.24,116.85
IMG_0337,Peach,Healthy,Healthy,1114.28,256,256,88.84,72.77
IMG_0338,Pepper,Healthy,Healthy,1874.35,512,512,123.17,151.05
IMG_0339,Strawberry,Leaf_Scorch,Diseased,1573.96,512,512,163.88,37.44
IMG_0340,Pepper,Healthy,Healthy,1078.81,1024,1024,96.23,51.58
IMG_0341,Strawberry,Healthy,Healthy,1163.04,256,256,112.07,16.94
IMG_0342,Grape,Black_Rot,Diseased,1664.19,1024,1024,115.29,386.78
IMG_0343,Tomato,Late_Blight,Diseased,529.91,512,512,95.53,83.65
IMG_0344,Strawberry,Healthy,Healthy,1487.93,512,512,115.17,73.59
IMG_0345,Strawberry,Leaf_Scorch,Diseased,1656.99,256,256,149.54,35.1
IMG_0346,Peach,Bacterial_Spot,Diseased,1751.84,256,256,164.28,67.32
IMG_0347,Pepper,Healthy,Healthy,1176.72,256,256,159.15,49.24
IMG_0348,Corn,Healthy,Healthy,1561.73,256,256,101.32,16.64
IMG_0349,Apple,Black_Rot,Diseased,1156.36,1024,1024,137.29,12.13
IMG_0350,Pepper,Bell_Bacterial_Spot,Diseased,1978.13,256,256,156.2,196.51
IMG_0351,Pepper,Bell_Bacterial_Spot,Diseased,1423.32,256,256,105.06,30.91
IMG_0352,Cherry,Healthy,Healthy,1223.35,256,256,136.22,64.38
IMG_0353,Cherry,Healthy,Healthy,1569.34,512,512,112.57,13.4
IMG_0354,Strawberry,Leaf_Scorch,Diseased,,256,256,142.4,12.98
IMG_0355,Peach,Bacterial_Spot,Diseased,1575.12,256,256,138.23,21.47
IMG_0356,Cherry,Healthy,Healthy,862.51,512,512,121.04,209.92
IMG_0357,Peach,Healthy,Healthy,1949.15,1024,1024,135.79,13.13
IMG_0358,Potato,Early_Blight,Diseased,1707.02,256,256,114.66,17.21
IMG_0359,Potato,Early_Blight,Diseased,856.94,256,256,96.28,92.24
IMG_0360,Potato,Early_Blight,Diseased,1573.9,256,256,82.85,39.49
IMG_0361,Tomato,Late_Blight,Diseased,1328.3,1024,1024,15.33,72.19
IMG_0362,Strawberry,Healthy,Healthy,,256,256,123.8,58.69
IMG_0363,Pepper,Healthy,Healthy,1714.06,256,256,129.85,180.64
IMG_0364,Peach,Bacterial_Spot,Diseased,1803.76,512,512,117.22,40.65
IMG_0365,Tomato,Healthy,Healthy,1622.41,512,512,126.78,91.67
IMG_0366,Corn,Healthy,Healthy,1921.87,512,512,116.93,24.64
IMG_0367,Strawberry,Leaf_Scorch,Diseased,2339.89,256,256,113.72,259.95
IMG_0368,Strawberry,Leaf_Scorch,Diseased,1401.19,256,256,92.63,12.97
IMG_0369,Cherry,Powdery_Mildew,Diseased,1813.13,1024,1024,124.62,103.95
IMG_0370,Tomato,Early_Blight,Diseased,924.09,512,512,111.11,79.67
IMG_0371,Corn,Healthy,Healthy,1065.82,256,256,136.9,29.75
IMG_0372,Apple,Healthy,Healthy,1783.37,256,256,156.89,35.62
IMG_0373,Grape,Black_Rot,Diseased,1355.64,256,256,101.94,106.56
IMG_0374,Strawberry,Leaf_Scorch,Diseased,111.43,256,256,140.99,93.27
IMG_0375,Peach,Bacterial_Spot,Diseased,,512,512,108.6,48.73
IMG_0376,Peach,Healthy,Healthy,1071.58,256,256,81.42,10.0
IMG_0377,Strawberry,Healthy,Healthy,1229.72,1024,1024,96.41,23.1
IMG_0378,Apple,Rust,Diseased,1513.66,512,512,123.61,77.72
IMG_0379,Corn,Common_Rust,Diseased,809.68,256,256,152.91,33.18
IMG_0380,Pepper,Healthy,Healthy,1228.97,1024,1024,127.33,64.09
IMG_0381,Cherry,Powdery_Mildew,Diseased,1553.3,256,256,126.33,159.0
IMG_0382,Strawberry,Leaf_Scorch,Diseased,800.31,512,512,110.18,33.04
IMG_0383,Strawberry,Leaf_Scorch,Diseased,1713.8,512,512,157.54,75.28
IMG_0384,Strawberry,Leaf_Scorch,Diseased,1855.06,256,256,76.14,64.7
IMG_0385,,Common_Rust,Diseased,1624.68,256,256,,42.94
IMG_0386,Grape,Healthy,Healthy,1320.49,256,256,106.87,16.64
IMG_0387,Tomato,Early_Blight,Diseased,1521.57,512,512,128.02,28.47
IMG_0388,Pepper,Healthy,Healthy,2669.34,256,256,138.85,17.06
IMG_0389,Strawberry,Healthy,Healthy,1921.65,256,256,131.49,28.76
IMG_0390,Cherry,Powdery_Mildew,Diseased,2097.43,512,512,149.79,18.89
IMG_0391,Tomato,Late_Blight,Diseased,1478.15,256,256,153.35,115.18
IMG_0392,Corn,Healthy,Healthy,1404.04,256,256,85.02,66.59
IMG_0393,Potato,Early_Blight,Diseased,1716.42,256,256,137.45,37.09
IMG_0394,Pepper,Bell_Bacterial_Spot,Diseased,1438.61,256,256,97.9,206.53
IMG_0395,Tomato,Early_Blight,Diseased,2105.44,512,512,108.46,25.35
IMG_0396,Potato,Late_Blight,Diseased,1254.66,512,512,135.71,17.77
IMG_0397,Cherry,Powdery_Mildew,Diseased,1453.35,256,256,92.37,61.31
IMG_0398,Pepper,Bell_Bacterial_Spot,Diseased,1210.76,256,256,125.33,53.8
IMG_0399,Grape,Black_Rot,Diseased,1907.06,1024,1024,88.38,76.69
IMG_0400,Corn,Common_Rust,Diseased,1608.6,512,512,114.04,59.37
IMG_0401,Grape,Black_Rot,Diseased,5476.61,1024,1024,142.56,65.81
IMG_0402,Pepper,Bell_Bacterial_Spot,Diseased,850.58,256,256,125.59,14.4
IMG_0403,Strawberry,Healthy,Healthy,1604.36,256,256,156.54,49.58
IMG_0404,Strawberry,Healthy,Healthy,1618.85,512,512,128.7,12.57
IMG_0405,Grape,Black_Rot,Diseased,1470.35,256,256,137.58,37.65
IMG_0406,Tomato,Healthy,Healthy,1403.14,256,256,111.58,34.17
IMG_0407,Grape,Black_Rot,Diseased,1866.7,256,256,112.28,27.23
IMG_0408,Tomato,Late_Blight,Diseased,1222.91,256,256,127.99,133.41
IMG_0409,Corn,Common_Rust,Diseased,1899.73,256,256,137.82,17.8
IMG_0410,Potato,Early_Blight,Diseased,1405.17,256,256,139.34,54.61
IMG_0411,Cherry,Powdery_Mildew,Diseased,1310.73,256,256,126.07,36.28
IMG_0412,Pepper,Healthy,Healthy,1487.77,256,256,152.51,78.67
IMG_0413,Apple,Black_Rot,Diseased,1416.43,512,512,137.02,50.3
IMG_0414,Strawberry,Leaf_Scorch,Diseased,2007.17,512,512,140.55,22.17
IMG_0415,Cherry,Healthy,Healthy,1727.63,256,256,92.84,126.94
IMG_0416,Pepper,Bell_Bacterial_Spot,Diseased,1993.01,512,512,123.93,117.87
IMG_0417,Cherry,Healthy,Healthy,1344.24,256,256,120.49,69.2
IMG_0418,Cherry,Powdery_Mildew,Diseased,2136.36,256,256,124.71,46.17
IMG_0419,Pepper,Healthy,Healthy,1216.17,256,256,116.49,24.08
IMG_0420,Cherry,Powdery_Mildew,Diseased,996.6,256,256,98.49,57.89
IMG_0421,Strawberry,Leaf_Scorch,Diseased,1714.55,256,256,136.67,29.84
IMG_0422,Pepper,Bell_Bacterial_Spot,Diseased,1646.63,256,256,97.7,16.23
IMG_0423,Cherry,Healthy,Healthy,1504.07,256,256,151.83,161.25
IMG_0424,Tomato,Late_Blight,Diseased,1659.12,256,256,150.42,118.41
IMG_0425,Strawberry,Healthy,Healthy,1612.25,512,512,162.96,30.3
IMG_0426,Strawberry,Leaf_Scorch,Diseased,2203.45,256,256,144.04,41.4
IMG_0427,Corn,Healthy,Healthy,1994.98,1024,1024,84.62,34.67
IMG_0428,Strawberry,Healthy,Healthy,1317.08,1024,1024,113.59,33.54
IMG_0429,Pepper,Bell_Bacterial_Spot,Diseased,1473.2,256,256,144.23,33.46
IMG_0430,Grape,Black_Rot,Diseased,1271.45,256,256,91.52,64.19
IMG_0431,Tomato,Late_Blight,Diseased,1607.41,256,256,144.74,79.67
IMG_0432,Cherry,Healthy,Healthy,2105.2,256,256,125.05,77.79
IMG_0433,Cherry,Healthy,Healthy,1560.35,512,512,161.29,63.09
IMG_0434,Grape,Healthy,Healthy,1452.85,256,256,103.06,73.01
IMG_0435,Pepper,Healthy,Healthy,1247.88,256,256,112.76,45.37
IMG_0436,Tomato,Early_Blight,Diseased,1096.78,256,256,146.46,89.54
IMG_0437,Pepper,Bell_Bacterial_Spot,Diseased,1539.32,256,256,96.17,69.31
IMG_0438,Grape,Black_Rot,Diseased,1478.87,256,256,158.28,81.53
IMG_0439,Pepper,Healthy,Healthy,1604.18,256,256,83.04,11.71
IMG_0440,Corn,Healthy,Healthy,1284.46,256,256,93.6,29.51
IMG_0441,Peach,Healthy,Healthy,1368.22,1024,1024,172.9,24.32
IMG_0442,Pepper,Bell_Bacterial_Spot,Diseased,1792.75,256,256,144.61,78.95
IMG_0443,Apple,Black_Rot,Diseased,2479.78,256,256,157.49,104.58
IMG_0444,Pepper,Bell_Bacterial_Spot,Diseased,1029.48,256,256,87.74,10.86
IMG_0445,Peach,Healthy,Healthy,1087.31,256,256,92.66,36.79
IMG_0446,Apple,Black_Rot,Diseased,1945.34,256,256,149.83,17.45
IMG_0447,Strawberry,Healthy,Healthy,1921.84,256,256,130.18,41.68
IMG_0448,Corn,Healthy,Healthy,1579.56,256,256,141.05,45.06
IMG_0449,Potato,Healthy,Healthy,1076.44,1024,1024,113.95,69.72
IMG_0450,Strawberry,Healthy,Healthy,2092.67,256,256,122.72,19.88
IMG_0451,Pepper,Healthy,Healthy,,1024,1024,115.57,1.94
IMG_0452,Peach,Healthy,Healthy,2394.51,256,256,156.7,116.69
IMG_0453,Potato,Late_Blight,Diseased,1677.85,256,256,104.08,70.64
IMG_0454,Peach,Healthy,Healthy,1916.36,256,256,162.49,63.8
IMG_0455,Cherry,Healthy,Healthy,1751.81,256,256,,123.83
IMG_0456,Cherry,Powdery_Mildew,Diseased,1178.27,256,256,102.5,13.47
IMG_0457,Cherry,Healthy,Healthy,1637.23,1024,1024,94.22,21.84
IMG_0458,Potato,Healthy,Healthy,1623.38,256,256,80.84,17.97
IMG_0459,Apple,Black_Rot,Diseased,819.11,512,512,99.04,16.94
IMG_0460,Cherry,Healthy,Healthy,1314.87,256,256,94.21,92.78
IMG_0461,Potato,Early_Blight,Diseased,1487.42,256,256,145.56,53.46
IMG_0462,Peach,Healthy,Healthy,1160.63,256,256,111.85,14.29
IMG_0463,Cherry,Powdery_Mildew,Diseased,1866.16,256,256,120.95,52.7
IMG_0464,Apple,Black_Rot,Diseased,1280.18,512,512,124.39,237.59
IMG_0465,Strawberry,Healthy,Healthy,1026.26,256,256,133.07,101.08
IMG_0466,Cherry,Powdery_Mildew,Diseased,1300.25,512,512,107.15,81.87
IMG_0467,Peach,Bacterial_Spot,Diseased,2191.65,256,256,137.3,144.65
IMG_0468,Pepper,Bell_Bacterial_Spot,Diseased,1529.71,256,256,91.81,20.1
IMG_0469,Potato,Early_Blight,Diseased,2052.71,256,256,138.15,149.76
IMG_0470,Tomato,Healthy,Healthy,2249.21,512,512,113.34,22.46
IMG_0471,Corn,Healthy,Healthy,2511.83,512,512,131.31,33.62
IMG_0472,Tomato,Early_Blight,Diseased,1749.77,256,256,101.06,23.53
IMG_0473,Cherry,Healthy,Healthy,1780.5,512,512,93.71,70.62
IMG_0474,Cherry,Healthy,Healthy,1572.64,512,512,145.99,33.56
IMG_0475,Potato,Late_Blight,Diseased,1952.39,256,256,111.44,41.59
IMG_0476,Corn,Common_Rust,Diseased,1800.11,256,256,148.16,291.32
IMG_0477,Apple,Healthy,Healthy,878.75,256,256,104.91,26.5
IMG_0478,Tomato,Healthy,Healthy,1379.4,512,512,134.71,84.09
IMG_0479,Corn,Common_Rust,Diseased,926.21,512,512,87.58,37.11
IMG_0480,Peach,Bacterial_Spot,Diseased,1077.07,256,256,83.18,55.48
IMG_0481,Pepper,Bell_Bacterial_Spot,Diseased,1256.45,256,256,12.69,132.05
IMG_0482,Grape,Healthy,Healthy,1133.27,256,256,132.75,38.6
IMG_0483,Apple,Rust,Diseased,1217.99,256,256,112.85,48.94
IMG_0484,Peach,Healthy,Healthy,1325.1,256,256,102.57,18.88
IMG_0485,Peach,Bacterial_Spot,Diseased,1477.92,256,256,114.43,79.55
IMG_0486,Peach,Healthy,Healthy,1693.95,256,256,92.61,86.67
IMG_0487,Apple,Black_Rot,Diseased,1120.43,256,256,174.73,28.83
IMG_0488,Cherry,Healthy,Healthy,2198.95,256,256,86.39,38.1
IMG_0489,Tomato,Early_Blight,Diseased,1477.38,256,256,161.32,76.19
IMG_0490,Strawberry,Leaf_Scorch,Diseased,979.1,256,256,103.43,22.29
IMG_0491,Cherry,Healthy,Healthy,1135.05,512,512,139.48,51.11
IMG_0492,Grape,Black_Rot,Diseased,1575.39,256,256,131.23,13.93
IMG_0493,Corn,Healthy,Healthy,1569.78,256,256,163.98,57.98
IMG_0494,Cherry,Healthy,Healthy,1165.48,512,512,135.6,37.54
IMG_0495,Strawberry,Leaf_Scorch,Diseased,1473.61,256,256,75.26,40.62
IMG_0496,Peach,Bacterial_Spot,Diseased,1680.26,256,256,,96.74
IMG_0497,Tomato,Early_Blight,Diseased,634.28,256,256,119.58,14.42
IMG_0498,Tomato,Early_Blight,Diseased,1368.56,1024,1024,,52.96
IMG_0499,Tomato,Healthy,Healthy,1664.3,256,256,155.75,11.66
IMG_0500,Corn,Healthy,Healthy,1425.28,256,256,129.14,51.3
IMG_0501,Cherry,Healthy,Healthy,6121.47,512,512,123.35,23.16
IMG_0502,Apple,Rust,Diseased,855.97,512,512,143.64,24.74
IMG_0503,Tomato,Healthy,Healthy,1072.29,256,256,96.49,20.03
IMG_0504,Grape,Black_Rot,Diseased,785.22,256,256,136.13,29.11
IMG_0505,Strawberry,Leaf_Scorch,Diseased,1641.42,1024,1024,152.61,35.81
IMG_0506,Pepper,Healthy,Healthy,1397.63,256,256,,122.02
IMG_0507,Cherry,Powdery_Mildew,Diseased,1341.3,512,512,116.28,49.65
IMG_0508,Strawberry,Leaf_Scorch,Diseased,,1024,1024,143.47,98.16
IMG_0509,Tomato,Healthy,Healthy,2103.05,256,256,160.02,35.56
IMG_0510,Cherry,Powdery_Mildew,Diseased,1223.14,256,256,169.45,40.78
IMG_0511,Potato,Late_Blight,Diseased,1114.61,256,256,133.35,134.41
IMG_0512,Strawberry,Healthy,Healthy,1250.43,256,256,126.32,74.41
IMG_0513,Cherry,Powdery_Mildew,Diseased,1046.93,256,256,137.46,17.28
IMG_0514,Potato,Late_Blight,Diseased,1637.74,256,256,72.77,34.95
IMG_0515,Corn,Common_Rust,Diseased,1427.03,512,512,82.96,35.35
IMG_0516,Cherry,Healthy,Healthy,1512.43,256,256,128.84,127.3
IMG_0517,Cherry,Healthy,Healthy,1035.23,256,256,93.84,14.71
IMG_0518,Grape,Healthy,Healthy,1376.44,256,256,110.38,30.17
IMG_0519,Cherry,Powdery_Mildew,Diseased,1645.27,512,512,139.3,22.18
IMG_0520,Corn,Healthy,Healthy,1707.82,256,256,146.98,31.28
IMG_0521,Potato,Early_Blight,Diseased,1468.7,512,512,119.16,24.15
IMG_0522,Pepper,Bell_Bacterial_Spot,Diseased,1464.35,256,256,99.04,15.89
IMG_0523,Pepper,Healthy,Healthy,1612.16,256,256,90.43,63.41
IMG_0524,Corn,Healthy,Healthy,1644.82,256,256,89.77,18.49
IMG_0525,Cherry,Healthy,Healthy,1857.18,512,512,,36.48
IMG_0526,Potato,Early_Blight,Diseased,2231.85,256,256,149.97,146.23
IMG_0527,Peach,Bacterial_Spot,Diseased,1722.24,256,256,118.91,62.79
IMG_0528,Corn,Healthy,Healthy,2471.71,512,512,123.83,26.97
IMG_0529,Potato,Healthy,Healthy,1097.49,256,256,154.66,64.11
IMG_0530,Pepper,Healthy,Healthy,1362.41,256,256,103.62,70.43
IMG_0531,Strawberry,Healthy,Healthy,1385.53,1024,1024,109.19,14.26
IMG_0532,Potato,Healthy,Healthy,654.05,256,256,121.19,27.54
IMG_0533,Strawberry,Healthy,Healthy,2002.39,256,256,73.48,49.56
IMG_0534,Corn,Healthy,Healthy,1332.34,256,256,159.45,105.39
IMG_0535,Grape,Healthy,Healthy,2260.62,1024,1024,151.53,155.87
IMG_0536,Apple,Healthy,Healthy,1597.93,256,256,96.1,60.22
IMG_0537,Cherry,Powdery_Mildew,Diseased,1534.57,1024,1024,104.45,93.95
IMG_0538,Tomato,Late_Blight,Diseased,1414.33,256,256,115.5,61.77
IMG_0539,Tomato,Late_Blight,Diseased,1133.49,256,256,113.01,168.07
IMG_0540,Apple,Black_Rot,Diseased,2042.18,256,256,110.56,56.71
IMG_0541,Strawberry,Healthy,Healthy,1386.85,256,256,148.39,47.95
IMG_0542,Apple,Rust,Diseased,1252.37,256,256,113.39,43.57
IMG_0543,Grape,Healthy,Healthy,2163.28,256,256,141.67,52.51
IMG_0544,Grape,Black_Rot,Diseased,1814.52,512,512,154.22,85.79
IMG_0545,Strawberry,Healthy,Healthy,1467.77,512,512,93.8,47.07
IMG_0546,Apple,Rust,Diseased,719.36,256,256,138.45,99.31
IMG_0547,Apple,Healthy,Healthy,880.42,256,256,101.9,68.45
IMG_0548,Grape,Healthy,Healthy,1603.19,256,256,147.97,17.29
IMG_0549,Peach,Bacterial_Spot,Diseased,1292.34,256,256,134.84,131.15
IMG_0550,Corn,Healthy,Healthy,2365.6,1024,1024,165.89,179.88
IMG_0551,Grape,Black_Rot,Diseased,1581.26,256,256,126.9,29.14
IMG_0552,Strawberry,Healthy,Healthy,1698.71,512,512,86.68,13.15
IMG_0553,Tomato,Healthy,Healthy,674.02,256,256,137.68,34.49
IMG_0554,Corn,Healthy,Healthy,1225.6,256,256,115.98,75.56
IMG_0555,Tomato,Early_Blight,Diseased,1292.03,256,256,100.39,27.65
IMG_0556,Corn,Healthy,Healthy,1303.17,256,256,105.82,50.19
IMG_0557,Potato,Late_Blight,Diseased,1157.77,256,256,134.06,19.44
IMG_0558,Apple,Healthy,Healthy,1088.83,512,512,128.49,29.22
IMG_0559,Cherry,Powdery_Mildew,Diseased,2408.58,512,512,124.0,16.64
IMG_0560,Cherry,Healthy,Healthy,1338.24,256,256,96.82,46.31
IMG_0561,Corn,Healthy,Healthy,1411.01,512,512,111.55,14.5
IMG_0562,Cherry,Powdery_Mildew,Diseased,2318.74,256,256,107.38,33.98
IMG_0563,Pepper,Healthy,Healthy,1836.29,256,256,103.39,95.88
IMG_0564,Grape,Black_Rot,Diseased,1583.12,256,256,142.31,97.42
IMG_0565,Pepper,Healthy,Healthy,1686.62,256,256,146.72,22.45
IMG_0566,Cherry,Powdery_Mildew,Diseased,2038.49,256,256,79.91,82.13
IMG_0567,Cherry,Healthy,Healthy,1455.4,256,256,88.06,12.63
IMG_0568,Pepper,Bell_Bacterial_Spot,Diseased,1178.01,1024,1024,118.03,42.16
IMG_0569,Apple,Black_Rot,Diseased,1519.31,256,256,117.9,16.03
IMG_0570,Cherry,Powdery_Mildew,Diseased,1328.16,512,512,168.04,40.0
IMG_0571,Peach,Healthy,Healthy,1785.29,1024,1024,157.84,19.08
IMG_0572,Cherry,Powdery_Mildew,Diseased,1468.38,256,256,104.15,14.78
IMG_0573,Potato,Healthy,Healthy,,256,256,82.79,19.74
IMG_0574,Potato,Healthy,Healthy,2208.07,1024,1024,156.91,43.71
IMG_0575,Corn,Common_Rust,Diseased,1555.25,256,256,96.18,86.08
IMG_0576,Potato,Healthy,Healthy,1288.9,256,256,169.77,113.7
IMG_0577,Pepper,Bell_Bacterial_Spot,Diseased,1299.29,256,256,122.45,30.34
IMG_0578,Cherry,Healthy,Healthy,951.01,256,256,156.7,110.65
IMG_0579,Tomato,Late_Blight,Diseased,1181.78,256,256,119.17,293.13
IMG_0580,Apple,Black_Rot,Diseased,1669.76,256,256,150.24,128.78
IMG_0581,Strawberry,Leaf_Scorch,Diseased,1267.29,256,256,115.82,55.04
IMG_0582,Cherry,Powdery_Mildew,Diseased,1030.45,256,256,128.32,21.79
IMG_0583,Apple,Healthy,Healthy,1480.39,512,512,111.16,51.9
IMG_0584,Corn,Healthy,Healthy,1435.86,256,256,103.27,131.5
IMG_0585,Tomato,Late_Blight,Diseased,,256,256,115.55,29.19
IMG_0586,Potato,Healthy,Healthy,,256,256,93.76,49.98
IMG_0587,Peach,Bacterial_Spot,Diseased,1800.18,256,256,96.48,29.0
IMG_0588,Apple,Healthy,Healthy,979.47,256,256,166.6,19.97
IMG_0589,Potato,Healthy,Healthy,1051.62,256,256,,19.76
IMG_0590,Strawberry,Healthy,Healthy,692.5,256,256,96.25,34.51
IMG_0591,Peach,Bacterial_Spot,Diseased,1054.97,256,256,124.94,64.32
IMG_0592,Potato,Healthy,Healthy,1087.88,256,256,181.92,26.93
IMG_0593,Peach,Bacterial_Spot,Diseased,1389.35,256,256,137.8,66.18
IMG_0594,Peach,Bacterial_Spot,Diseased,1680.36,512,512,106.72,197.67
IMG_0595,Cherry,Powdery_Mildew,Diseased,1428.36,512,512,155.26,35.01
IMG_0596,Tomato,Late_Blight,Diseased,1658.33,256,256,135.42,45.1
IMG_0597,Apple,Rust,Diseased,1241.22,256,256,83.16,137.24
IMG_0598,Peach,Bacterial_Spot,Diseased,1093.38,256,256,168.86,20.09
IMG_0599,Pepper,Healthy,Healthy,896.72,256,256,90.93,29.06
IMG_0600,Grape,Black_Rot,Diseased,1037.21,512,512,148.63,82.33
IMG_0601,,Healthy,Healthy,6530.38,256,256,11.98,4.57
IMG_0602,Apple,Rust,Diseased,1556.71,256,256,159.25,162.23
IMG_0603,Corn,Healthy,Healthy,1981.22,512,512,132.01,17.06
IMG_0604,Tomato,Late_Blight,Diseased,1810.17,512,512,117.15,19.25
IMG_0605,Peach,Bacterial_Spot,Diseased,1418.51,512,512,98.83,49.8
IMG_0606,Potato,Healthy,Healthy,2222.61,512,512,132.36,98.22
IMG_0607,Apple,Healthy,Healthy,1987.28,256,256,,36.19
IMG_0608,Potato,Healthy,Healthy,1922.95,256,256,142.94,69.4
IMG_0609,Strawberry,Healthy,Healthy,1290.17,256,256,114.79,33.03
IMG_0610,Strawberry,Leaf_Scorch,Diseased,2040.88,256,256,151.21,45.44
IMG_0611,Pepper,Healthy,Healthy,1585.93,256,256,118.8,20.89
IMG_0612,Potato,Early_Blight,Diseased,1275.29,256,256,87.64,143.56
IMG_0613,Cherry,Healthy,Healthy,1164.15,512,512,75.54,52.29
IMG_0614,Strawberry,Leaf_Scorch,Diseased,1939.11,512,512,113.39,26.52
IMG_0615,Potato,Healthy,Healthy,1831.75,512,512,115.23,28.39
IMG_0616,Potato,Healthy,Healthy,1860.23,256,256,140.98,11.81
IMG_0617,Pepper,Healthy,Healthy,2001.14,256,256,135.8,108.82
IMG_0618,Cherry,Healthy,Healthy,1320.71,256,256,138.4,43.01
IMG_0619,Cherry,Healthy,Healthy,1863.86,512,512,145.29,48.25
IMG_0620,Strawberry,Leaf_Scorch,Diseased,1215.93,256,256,107.21,127.24
IMG_0621,Pepper,Healthy,Healthy,1074.48,256,256,84.5,27.22
IMG_0622,Apple,Rust,Diseased,1184.06,256,256,169.91,30.04
IMG_0623,Potato,Late_Blight,Diseased,1077.47,256,256,128.29,60.38
IMG_0624,Apple,Black_Rot,Diseased,1076.6,256,256,120.76,49.33
IMG_0625,Corn,Common_Rust,Diseased,1418.83,512,512,109.82,146.51
IMG_0626,Tomato,Late_Blight,Diseased,1588.14,512,512,151.28,115.36
IMG_0627,Grape,Healthy,Healthy,1013.09,256,256,97.1,89.59
IMG_0628,Strawberry,Healthy,Healthy,1563.79,256,256,105.78,22.46
IMG_0629,Tomato,Healthy,Healthy,,512,512,125.29,98.35
IMG_0630,Cherry,Healthy,Healthy,1924.06,256,256,124.75,20.66
IMG_0631,Potato,Late_Blight,Diseased,1611.6,512,512,92.77,60.48
IMG_0632,Cherry,Healthy,Healthy,1844.73,256,256,150.72,17.09
IMG_0633,Apple,Healthy,Healthy,1813.67,1024,1024,133.06,72.36
IMG_0634,Potato,Early_Blight,Diseased,2268.47,256,256,136.6,67.58
IMG_0635,Pepper,Healthy,Healthy,1056.02,256,256,107.53,14.2
IMG_0636,Peach,Healthy,Healthy,1958.82,256,256,133.67,43.07
IMG_0637,Peach,Bacterial_Spot,Diseased,1188.42,256,256,140.76,39.33
IMG_0638,Peach,Healthy,Healthy,1373.96,256,256,92.38,29.86
IMG_0639,Strawberry,Healthy,Healthy,1204.25,1024,1024,145.92,12.54
IMG_0640,Corn,Common_Rust,Diseased,1976.76,512,512,132.96,172.92
IMG_0641,Potato,Late_Blight,Diseased,775.68,256,256,138.05,99.47
IMG_0642,Peach,Healthy,Healthy,1693.23,512,512,116.69,12.1
IMG_0643,Pepper,Healthy,Healthy,1352.19,256,256,126.0,58.27
IMG_0644,Grape,Healthy,Healthy,1483.36,256,256,85.21,43.15
IMG_0645,Strawberry,Leaf_Scorch,Diseased,1162.35,256,256,132.88,27.81
IMG_0646,Tomato,Late_Blight,Diseased,1397.54,256,256,144.34,38.0
IMG_0647,Peach,Healthy,Healthy,1487.82,256,256,95.49,107.23
IMG_0648,Apple,Healthy,Healthy,1459.03,512,512,172.15,30.9
IMG_0649,Pepper,Bell_Bacterial_Spot,Diseased,1903.2,256,256,122.74,30.78
IMG_0650,Corn,Common_Rust,Diseased,1280.16,256,256,129.8,97.92
IMG_0651,Corn,Common_Rust,Diseased,1365.24,256,256,120.65,100.56
IMG_0652,Pepper,Healthy,Healthy,1602.26,1024,1024,116.01,69.57
IMG_0653,Pepper,Healthy,Healthy,1528.36,512,512,135.15,42.92
IMG_0654,Cherry,Healthy,Healthy,1141.59,256,256,153.68,53.7
IMG_0655,Apple,Rust,Diseased,1646.26,256,256,110.85,24.31
IMG_0656,Potato,Early_Blight,Diseased,1249.6,256,256,105.96,20.28
IMG_0657,Pepper,Healthy,Healthy,1677.41,256,256,173.57,29.87
IMG_0658,Pepper,Healthy,Healthy,819.15,256,256,116.26,10.6
IMG_0659,Tomato,Healthy,Healthy,1457.55,256,256,145.63,23.5
IMG_0660,Peach,Bacterial_Spot,Diseased,2181.86,256,256,82.11,23.71
IMG_0661,Strawberry,Healthy,Healthy,1565.84,256,256,127.41,34.13
IMG_0662,Cherry,Healthy,Healthy,1483.31,1024,1024,82.96,57.95
IMG_0663,Apple,Rust,Diseased,2016.09,256,256,155.01,35.9
IMG_0664,Tomato,Healthy,Healthy,983.86,512,512,125.54,46.41
IMG_0665,Apple,Rust,Diseased,1039.54,512,512,107.42,12.89
IMG_0666,Peach,Healthy,Healthy,364.37,1024,1024,129.15,31.02
IMG_0667,Peach,Bacterial_Spot,Diseased,1605.28,1024,1024,140.95,69.36
IMG_0668,Corn,Common_Rust,Diseased,1333.72,1024,1024,99.89,82.7
IMG_0669,Corn,Common_Rust,Diseased,1799.96,256,256,91.87,129.75
IMG_0670,Peach,Healthy,Healthy,1611.71,256,256,95.83,42.14
IMG_0671,Corn,Common_Rust,Diseased,1354.75,256,256,116.46,21.38
IMG_0672,Grape,Healthy,Healthy,697.02,256,256,69.63,94.82
IMG_0673,Tomato,Late_Blight,Diseased,1843.83,256,256,114.78,79.6
IMG_0674,Pepper,Healthy,Healthy,1531.92,256,256,128.43,309.94
IMG_0675,Strawberry,Leaf_Scorch,Diseased,,256,256,107.15,61.47
IMG_0676,Peach,Healthy,Healthy,1528.91,1024,1024,141.9,111.83
IMG_0677,Potato,Healthy,Healthy,1958.41,256,256,127.48,22.96
IMG_0678,Grape,Black_Rot,Diseased,1189.05,256,256,127.09,163.9
IMG_0679,Peach,Bacterial_Spot,Diseased,2218.53,256,256,135.46,26.59
IMG_0680,Grape,Black_Rot,Diseased,1818.79,256,256,116.9,45.46
IMG_0681,Peach,Healthy,Healthy,1526.64,1024,1024,142.9,109.89
IMG_0682,Grape,Healthy,Healthy,414.7,256,256,158.12,14.34
IMG_0683,Strawberry,Healthy,Healthy,1193.68,256,256,146.35,97.57
IMG_0684,Corn,Healthy,Healthy,1486.19,256,256,141.14,41.69
IMG_0685,Apple,Rust,Diseased,1039.18,256,256,165.2,10.48
IMG_0686,Corn,Healthy,Healthy,1663.49,256,256,98.77,29.97
IMG_0687,Cherry,Powdery_Mildew,Diseased,847.73,256,256,129.39,172.74
IMG_0688,Corn,Healthy,Healthy,1367.65,256,256,122.24,41.53
IMG_0689,,Healthy,Healthy,778.19,256,256,118.59,88.51
IMG_0690,Grape,Healthy,Healthy,1352.23,256,256,159.61,43.41
IMG_0691,Peach,Healthy,Healthy,296.95,256,256,116.04,26.6
IMG_0692,Apple,Black_Rot,Diseased,1728.47,1024,1024,107.92,18.39
IMG_0693,Pepper,Bell_Bacterial_Spot,Diseased,1157.26,256,256,157.99,30.39
IMG_0694,Tomato,Healthy,Healthy,1049.58,512,512,164.98,52.22
IMG_0695,Grape,Black_Rot,Diseased,2242.66,512,512,127.98,48.11
IMG_0696,Grape,Healthy,Healthy,1307.29,256,256,169.96,56.22
IMG_0697,Strawberry,Healthy,Healthy,2247.53,256,256,150.4,83.95
IMG_0698,Apple,Healthy,Healthy,1667.88,256,256,116.84,43.1
IMG_0699,Apple,Rust,Diseased,1260.05,512,512,128.13,17.75
IMG_0700,Cherry,Healthy,Healthy,1939.33,256,256,108.38,63.12
IMG_0701,Tomato,Late_Blight,Diseased,5505.71,1024,1024,117.57,25.22
IMG_0702,Strawberry,Leaf_Scorch,Diseased,866.29,512,512,118.09,46.07
IMG_0703,Grape,Black_Rot,Diseased,1476.07,256,256,136.96,76.68
IMG_0704,Pepper,Bell_Bacterial_Spot,Diseased,1697.42,256,256,106.55,43.77
IMG_0705,Corn,Healthy,Healthy,1260.62,1024,1024,117.75,214.74
IMG_0706,Grape,Black_Rot,Diseased,1113.36,256,256,135.89,66.49
IMG_0707,Pepper,Healthy,Healthy,2103.65,256,256,106.21,40.84
IMG_0708,Apple,Healthy,Healthy,1742.24,256,256,105.7,31.37
IMG_0709,Cherry,Powdery_Mildew,Diseased,1077.96,256,256,91.33,70.88
IMG_0710,Apple,Black_Rot,Diseased,1550.51,256,256,181.44,23.83
IMG_0711,Peach,Healthy,Healthy,1045.13,256,256,166.92,32.29
IMG_0712,Tomato,Late_Blight,Diseased,1142.87,256,256,93.75,29.98
IMG_0713,Pepper,Bell_Bacterial_Spot,Diseased,1956.13,256,256,116.07,10.1
IMG_0714,Peach,Bacterial_Spot,Diseased,2499.55,256,256,108.82,72.67
IMG_0715,Apple,Healthy,Healthy,1481.05,256,256,110.18,24.93
IMG_0716,Strawberry,Healthy,Healthy,867.13,256,256,171.75,15.61
IMG_0717,Pepper,Healthy,Healthy,1736.58,256,256,156.54,61.98
IMG_0718,Pepper,Healthy,Healthy,1772.09,256,256,111.72,38.55
IMG_0719,Potato,Healthy,Healthy,551.34,256,256,162.47,59.18
IMG_0720,Cherry,Healthy,Healthy,2316.83,512,512,105.6,184.49
IMG_0721,Apple,Black_Rot,Diseased,1404.69,256,256,14.55,326.0
IMG_0722,Tomato,Late_Blight,Diseased,1003.58,256,256,76.92,67.12
IMG_0723,Tomato,Healthy,Healthy,1640.92,1024,1024,130.05,32.49
IMG_0724,Potato,Early_Blight,Diseased,1151.29,512,512,88.01,41.65
IMG_0725,Potato,Early_Blight,Diseased,1419.76,1024,1024,159.48,79.22
IMG_0726,Pepper,Bell_Bacterial_Spot,Diseased,1714.02,256,256,90.65,12.03
IMG_0727,Corn,Common_Rust,Diseased,787.54,256,256,152.41,37.35
IMG_0728,Strawberry,Leaf_Scorch,Diseased,607.81,256,256,133.38,24.67
IMG_0729,Pepper,Bell_Bacterial_Spot,Diseased,2485.68,256,256,134.11,79.94
IMG_0730,Pepper,Healthy,Healthy,1630.71,512,512,110.46,35.26
IMG_0731,Pepper,Healthy,Healthy,1433.65,1024,1024,115.79,179.9
IMG_0732,Apple,Black_Rot,Diseased,1412.8,256,256,148.24,21.53
IMG_0733,Grape,Black_Rot,Diseased,1840.03,1024,1024,100.4,93.79
IMG_0734,Pepper,Bell_Bacterial_Spot,Diseased,1667.07,512,512,152.32,78.82
IMG_0735,Cherry,Healthy,Healthy,1859.45,256,256,107.66,19.11
IMG_0736,Cherry,Powdery_Mildew,Diseased,952.65,256,256,94.48,10.74
IMG_0737,Apple,Healthy,Healthy,1005.39,256,256,141.93,28.51
IMG_0738,Corn,Common_Rust,Diseased,1770.2,256,256,147.14,12.85
IMG_0739,Cherry,Powdery_Mildew,Diseased,833.88,512,512,143.11,57.55
IMG_0740,Grape,Healthy,Healthy,1383.39,256,256,152.79,20.43
IMG_0741,Pepper,Healthy,Healthy,2043.43,256,256,117.24,15.14
IMG_0742,Grape,Healthy,Healthy,1358.33,1024,1024,127.77,48.53
IMG_0743,Corn,Healthy,Healthy,1913.56,256,256,108.05,52.14
IMG_0744,Strawberry,Leaf_Scorch,Diseased,2086.83,1024,1024,128.2,205.49
IMG_0745,Apple,Rust,Diseased,1063.64,512,512,135.75,34.13
IMG_0746,Cherry,Healthy,Healthy,1817.72,256,256,142.56,151.3
IMG_0747,Tomato,Late_Blight,Diseased,,256,256,95.11,60.14
IMG_0748,Strawberry,Leaf_Scorch,Diseased,1733.73,256,256,147.05,40.6
IMG_0749,Tomato,Healthy,Healthy,1779.69,256,256,92.18,130.16
IMG_0750,Grape,Healthy,Healthy,1013.34,256,256,102.96,66.8
IMG_0751,Grape,Black_Rot,Diseased,1539.12,256,256,126.07,7.63
IMG_0752,Apple,Rust,Diseased,1439.73,256,256,109.8,14.85
IMG_0753,Potato,Early_Blight,Diseased,1689.93,512,512,107.01,10.94
IMG_0754,Pepper,Bell_Bacterial_Spot,Diseased,442.59,256,256,151.95,28.26
IMG_0755,Corn,Healthy,Healthy,1563.53,1024,1024,138.34,16.84
IMG_0756,Pepper,Bell_Bacterial_Spot,Diseased,1250.3,256,256,121.16,31.14
IMG_0757,Tomato,Early_Blight,Diseased,1736.71,256,256,115.62,11.46
IMG_0758,Pepper,Bell_Bacterial_Spot,Diseased,1845.35,256,256,129.0,45.27
IMG_0759,Strawberry,Leaf_Scorch,Diseased,1393.75,512,512,67.1,54.17
IMG_0760,Apple,Rust,Diseased,1914.61,256,256,137.38,75.88
IMG_0761,Cherry,Powdery_Mildew,Diseased,957.59,256,256,153.56,24.94
IMG_0762,Tomato,Healthy,Healthy,1665.84,256,256,103.01,32.22
IMG_0763,Cherry,Powdery_Mildew,Diseased,693.06,256,256,163.0,73.42
IMG_0764,Strawberry,Healthy,Healthy,367.07,256,256,83.53,99.11
IMG_0765,Pepper,Healthy,Healthy,1798.18,256,256,132.24,142.92
IMG_0766,Corn,Common_Rust,Diseased,1490.97,256,256,82.1,105.91
IMG_0767,Potato,Healthy,Healthy,1370.6,512,512,131.67,38.09
IMG_0768,Strawberry,Healthy,Healthy,1467.65,1024,1024,126.19,190.31
IMG_0769,Potato,Late_Blight,Diseased,1320.41,256,256,122.37,90.61
IMG_0770,,Rust,Diseased,1503.46,256,256,143.82,15.47
IMG_0771,Apple,Rust,Diseased,1390.6,1024,1024,142.89,16.48
IMG_0772,Pepper,Healthy,Healthy,1925.58,512,512,96.52,102.95
IMG_0773,Pepper,Bell_Bacterial_Spot,Diseased,1463.08,512,512,114.3,97.3
IMG_0774,Potato,Early_Blight,Diseased,2122.52,512,512,127.65,12.56
IMG_0775,Tomato,Early_Blight,Diseased,2455.35,256,256,135.1,17.72
IMG_0776,Potato,Late_Blight,Diseased,1973.7,256,256,112.55,163.22
IMG_0777,Corn,Common_Rust,Diseased,1842.44,256,256,126.54,29.54
IMG_0778,Apple,Black_Rot,Diseased,1730.02,256,256,117.9,14.38
IMG_0779,Apple,Rust,Diseased,1577.34,256,256,166.52,44.84
IMG_0780,Peach,Healthy,Healthy,1239.56,512,512,114.33,14.69
IMG_0781,Cherry,Powdery_Mildew,Diseased,1733.87,256,256,104.12,32.01
IMG_0782,Potato,Healthy,Healthy,1351.91,256,256,112.38,113.45
IMG_0783,Tomato,Early_Blight,Diseased,1604.47,256,256,98.28,81.12
IMG_0784,Tomato,Late_Blight,Diseased,1909.28,512,512,148.09,48.36
IMG_0785,Grape,Healthy,Healthy,1490.31,256,256,154.71,35.84
IMG_0786,Tomato,Late_Blight,Diseased,1980.98,512,512,173.17,47.51
IMG_0787,Strawberry,Healthy,Healthy,1587.86,256,256,102.7,114.9
IMG_0788,Peach,Healthy,Healthy,1375.76,256,256,156.4,24.94
IMG_0789,Strawberry,Healthy,Healthy,2133.02,256,256,95.04,84.78
IMG_0790,Tomato,Healthy,Healthy,1396.98,256,256,125.84,105.71
IMG_0791,Pepper,Bell_Bacterial_Spot,Diseased,2028.17,256,256,107.72,43.97
IMG_0792,Peach,Bacterial_Spot,Diseased,1150.23,256,256,114.13,16.8
IMG_0793,Corn,Healthy,Healthy,,256,256,131.75,15.83
IMG_0794,Tomato,Healthy,Healthy,1330.47,256,256,87.38,33.58
IMG_0795,Potato,Healthy,Healthy,1420.61,1024,1024,152.41,32.44
IMG_0796,Peach,Bacterial_Spot,Diseased,1147.24,256,256,,35.84
IMG_0797,Strawberry,Leaf_Scorch,Diseased,1707.62,256,256,135.86,21.34
IMG_0798,Apple,Rust,Diseased,1109.01,256,256,106.85,119.8
IMG_0799,Peach,Bacterial_Spot,Diseased,1624.56,256,256,110.97,33.05
IMG_0800,Potato,Early_Blight,Diseased,947.08,256,256,97.94,29.2
IMG_0801,Cherry,Powdery_Mildew,Diseased,5495.68,1024,1024,132.59,27.64
IMG_0802,Pepper,Bell_Bacterial_Spot,Diseased,1404.74,256,256,146.58,148.61
IMG_0803,Pepper,Healthy,Healthy,1521.42,256,256,167.2,28.96
IMG_0804,Peach,Healthy,Healthy,1888.64,256,256,100.39,84.11
IMG_0805,Tomato,Early_Blight,Diseased,1343.25,256,256,136.28,20.56
IMG_0806,Cherry,Healthy,Healthy,1092.89,256,256,141.29,31.92
IMG_0807,Strawberry,Leaf_Scorch,Diseased,1429.08,256,256,151.69,31.86
IMG_0808,Peach,Bacterial_Spot,Diseased,1499.04,256,256,105.7,75.32
IMG_0809,Strawberry,Healthy,Healthy,1021.53,256,256,74.97,121.22
IMG_0810,Peach,Healthy,Healthy,1377.28,256,256,137.57,100.48
IMG_0811,Tomato,Early_Blight,Diseased,2275.02,256,256,148.11,109.59
IMG_0812,Peach,Healthy,Healthy,436.61,256,256,145.87,49.86
IMG_0813,Potato,Healthy,Healthy,1731.03,256,256,145.0,45.55
IMG_0814,Tomato,Healthy,Healthy,2021.19,256,256,89.97,48.34
IMG_0815,Potato,Late_Blight,Diseased,1372.5,1024,1024,150.32,31.55
IMG_0816,Cherry,Healthy,Healthy,1088.08,512,512,138.0,43.21
IMG_0817,Tomato,Early_Blight,Diseased,1096.62,256,256,125.16,32.45
IMG_0818,Grape,Healthy,Healthy,665.64,256,256,,53.04
IMG_0819,Corn,Common_Rust,Diseased,1533.64,256,256,110.26,20.74
IMG_0820,Tomato,Late_Blight,Diseased,1365.92,256,256,83.23,73.15
IMG_0821,Pepper,Healthy,Healthy,847.78,512,512,87.41,26.86
IMG_0822,Peach,Bacterial_Spot,Diseased,1522.11,256,256,154.06,13.79
IMG_0823,Pepper,Bell_Bacterial_Spot,Diseased,1522.85,512,512,100.9,52.11
IMG_0824,Peach,Bacterial_Spot,Diseased,1613.93,256,256,149.55,41.34
IMG_0825,Tomato,Early_Blight,Diseased,,256,256,93.32,98.66
IMG_0826,Corn,Common_Rust,Diseased,829.68,256,256,142.46,73.31
IMG_0827,Corn,Healthy,Healthy,1713.34,256,256,157.57,250.38
IMG_0828,Cherry,Powdery_Mildew,Diseased,1133.92,512,512,135.81,60.22
IMG_0829,Tomato,Early_Blight,Diseased,2283.39,512,512,153.48,49.79
IMG_0830,Potato,Late_Blight,Diseased,772.58,256,256,87.91,27.78
IMG_0831,Grape,Healthy,Healthy,1254.11,256,256,100.33,84.57
IMG_0832,Cherry,Healthy,Healthy,1256.66,512,512,140.51,30.5
IMG_0833,Peach,Healthy,Healthy,1617.39,256,256,130.97,76.36
IMG_0834,Peach,Bacterial_Spot,Diseased,1297.44,256,256,140.54,16.09
IMG_0835,Pepper,Healthy,Healthy,1105.36,256,256,91.83,58.69
IMG_0836,Tomato,Healthy,Healthy,1840.53,256,256,89.05,11.67
IMG_0837,Cherry,Healthy,Healthy,1244.11,512,512,134.16,68.74
IMG_0838,Tomato,Healthy,Healthy,1558.84,256,256,103.11,13.66
IMG_0839,Tomato,Healthy,Healthy,1911.51,256,256,164.34,46.4
IMG_0840,Peach,Healthy,Healthy,1700.67,256,256,116.8,58.72
IMG_0841,Apple,Healthy,Healthy,1484.04,1024,1024,11.69,56.29
IMG_0842,Cherry,Healthy,Healthy,938.3,256,256,120.74,36.49
IMG_0843,Cherry,Powdery_Mildew,Diseased,1719.65,256,256,163.46,63.71
IMG_0844,Grape,Healthy,Healthy,1511.54,256,256,109.66,21.57
IMG_0845,Tomato,Early_Blight,Diseased,1516.25,256,256,161.25,18.46
IMG_0846,Cherry,Healthy,Healthy,2073.03,256,256,106.5,337.18
IMG_0847,Apple,Healthy,Healthy,1913.55,256,256,166.44,13.92
IMG_0848,Cherry,Powdery_Mildew,Diseased,1337.02,256,256,137.84,20.44
IMG_0849,Tomato,Late_Blight,Diseased,1152.29,256,256,96.71,30.33
IMG_0850,Corn,Healthy,Healthy,1495.65,256,256,76.21,50.37
IMG_0851,Grape,Black_Rot,Diseased,1593.74,256,256,130.28,95.39
IMG_0852,Corn,Common_Rust,Diseased,1881.77,256,256,137.8,40.11
IMG_0853,Peach,Healthy,Healthy,1583.81,512,512,103.25,44.96
IMG_0854,Apple,Black_Rot,Diseased,1524.15,1024,1024,138.35,30.75
IMG_0855,Tomato,Late_Blight,Diseased,1722.41,256,256,112.34,79.11
IMG_0856,Tomato,Late_Blight,Diseased,1263.49,256,256,120.03,42.19
IMG_0857,Pepper,Healthy,Healthy,1429.88,512,512,109.67,15.37
IMG_0858,Pepper,Bell_Bacterial_Spot,Diseased,1659.73,256,256,122.41,16.01
IMG_0859,Pepper,Healthy,Healthy,1780.31,1024,1024,81.47,77.99
IMG_0860,Cherry,Powdery_Mildew,Diseased,1793.22,512,512,164.79,13.59
IMG_0861,Strawberry,Healthy,Healthy,923.11,256,256,111.79,69.78
IMG_0862,Peach,Bacterial_Spot,Diseased,1759.2,256,256,128.48,121.39
IMG_0863,Potato,Healthy,Healthy,1388.16,256,256,128.49,18.11
IMG_0864,Corn,Common_Rust,Diseased,955.05,256,256,141.11,89.47
IMG_0865,Corn,Healthy,Healthy,2018.43,256,256,152.89,98.79
IMG_0866,Cherry,Powdery_Mildew,Diseased,1313.22,256,256,148.21,25.12
IMG_0867,Tomato,Late_Blight,Diseased,2636.35,256,256,126.79,90.21
IMG_0868,Apple,Black_Rot,Diseased,2153.48,256,256,121.69,78.4
IMG_0869,Grape,Black_Rot,Diseased,1345.99,512,512,146.64,126.79
IMG_0870,Grape,Black_Rot,Diseased,752.8,256,256,161.76,36.82
IMG_0871,,Rust,Diseased,1420.96,256,256,172.25,11.79
IMG_0872,Pepper,Healthy,Healthy,854.62,256,256,153.37,10.21
IMG_0873,Strawberry,Healthy,Healthy,1106.22,256,256,100.56,149.39
IMG_0874,Tomato,Early_Blight,Diseased,1319.49,256,256,154.51,270.74
IMG_0875,Corn,Common_Rust,Diseased,856.19,256,256,79.04,39.85
IMG_0876,Strawberry,Healthy,Healthy,1221.08,256,256,124.85,18.7
IMG_0877,Pepper,Bell_Bacterial_Spot,Diseased,1864.73,1024,1024,127.28,29.89
IMG_0878,Corn,Healthy,Healthy,1232.45,512,512,118.7,18.53
IMG_0879,Corn,Common_Rust,Diseased,1819.92,256,256,126.82,26.04
IMG_0880,Grape,Healthy,Healthy,820.23,512,512,170.03,36.41
IMG_0881,Pepper,Healthy,Healthy,847.19,256,256,149.0,15.16
IMG_0882,Tomato,Early_Blight,Diseased,1138.02,256,256,87.46,38.39
IMG_0883,Tomato,Healthy,Healthy,988.75,256,256,123.71,45.53
IMG_0884,Tomato,Early_Blight,Diseased,1603.48,1024,1024,155.63,144.51
IMG_0885,Pepper,Healthy,Healthy,1073.33,1024,1024,141.82,29.52
IMG_0886,Corn,Healthy,Healthy,1519.99,256,256,119.51,54.05
IMG_0887,Potato,Late_Blight,Diseased,1885.99,256,256,141.26,45.41
IMG_0888,Pepper,Healthy,Healthy,1845.0,512,512,115.5,56.12
IMG_0889,Pepper,Bell_Bacterial_Spot,Diseased,2193.51,1024,1024,116.15,113.11
IMG_0890,,Healthy,Healthy,,256,256,96.83,168.48
IMG_0891,Apple,Black_Rot,Diseased,1583.22,256,256,129.46,20.6
IMG_0892,Peach,Healthy,Healthy,1210.75,256,256,110.17,41.32
IMG_0893,Pepper,Healthy,Healthy,1108.1,256,256,158.9,34.19
IMG_0894,Potato,Late_Blight,Diseased,1341.52,512,512,96.25,37.39
IMG_0895,Apple,Healthy,Healthy,1807.0,256,256,137.12,126.83
IMG_0896,Corn,Healthy,Healthy,1804.2,256,256,93.41,33.85
IMG_0897,Peach,Healthy,Healthy,1772.15,256,256,119.68,12.02
IMG_0898,Strawberry,Healthy,Healthy,1444.84,256,256,140.45,14.91
IMG_0899,Apple,Healthy,Healthy,1253.01,256,256,137.09,54.94
IMG_0900,Grape,Black_Rot,Diseased,1470.23,256,256,103.55,117.06
IMG_0901,Potato,Late_Blight,Diseased,1809.36,256,256,126.69,6.66
IMG_0902,Tomato,Healthy,Healthy,983.79,256,256,180.39,37.39
IMG_0903,Cherry,Healthy,Healthy,1124.76,256,256,142.73,27.3
IMG_0904,Strawberry,Healthy,Healthy,1417.06,512,512,83.65,146.53
IMG_0905,Strawberry,Healthy,Healthy,1921.19,256,256,130.76,91.03
IMG_0906,Tomato,Early_Blight,Diseased,,256,256,140.27,40.41
IMG_0907,Tomato,Healthy,Healthy,1331.89,256,256,155.82,33.65
IMG_0908,Apple,Healthy,Healthy,,256,256,89.01,91.97
IMG_0909,Cherry,Healthy,Healthy,1507.68,512,512,80.44,78.85
IMG_0910,Pepper,Healthy,Healthy,,512,512,165.96,44.0
IMG_0911,Grape,Black_Rot,Diseased,1256.76,256,256,155.64,297.35
IMG_0912,Corn,Common_Rust,Diseased,1812.18,256,256,129.3,18.16
IMG_0913,Strawberry,Leaf_Scorch,Diseased,1474.57,512,512,158.12,43.71
IMG_0914,Potato,Late_Blight,Diseased,919.63,256,256,118.81,10.76
IMG_0915,Peach,Bacterial_Spot,Diseased,1328.53,256,256,,38.32
IMG_0916,Grape,Healthy,Healthy,1537.17,256,256,101.31,60.72
IMG_0917,Tomato,Early_Blight,Diseased,1164.18,512,512,122.5,10.93
IMG_0918,Peach,Bacterial_Spot,Diseased,1986.79,256,256,80.33,138.34
IMG_0919,Tomato,Late_Blight,Diseased,1468.9,256,256,146.56,181.7
IMG_0920,Corn,Healthy,Healthy,1425.37,1024,1024,105.25,11.43
IMG_0921,Cherry,Healthy,Healthy,1667.5,256,256,118.88,91.58
IMG_0922,Strawberry,Leaf_Scorch,Diseased,1588.23,256,256,153.61,48.18
IMG_0923,Peach,Bacterial_Spot,Diseased,1295.6,256,256,108.03,26.61
IMG_0924,Peach,Healthy,Healthy,478.58,256,256,102.19,21.0
IMG_0925,Cherry,Powdery_Mildew,Diseased,1640.56,256,256,161.28,22.36
IMG_0926,Corn,Common_Rust,Diseased,1311.97,256,256,107.86,95.87
IMG_0927,Apple,Healthy,Healthy,1958.67,256,256,105.44,44.61
IMG_0928,Apple,Black_Rot,Diseased,1139.41,256,256,104.42,26.14
IMG_0929,Apple,Healthy,Healthy,1289.59,256,256,153.51,35.36
IMG_0930,Tomato,Late_Blight,Diseased,1950.89,512,512,119.55,54.89
IMG_0931,Strawberry,Leaf_Scorch,Diseased,2498.97,256,256,120.25,93.76
IMG_0932,Cherry,Healthy,Healthy,1518.4,256,256,173.41,33.02
IMG_0933,Cherry,Healthy,Healthy,1466.19,256,256,134.06,126.41
IMG_0934,Cherry,Healthy,Healthy,749.2,256,256,154.75,15.68
IMG_0935,Tomato,Healthy,Healthy,1282.61,256,256,180.35,15.83
IMG_0936,Peach,Healthy,Healthy,1349.37,256,256,125.36,119.29
IMG_0937,Strawberry,Leaf_Scorch,Diseased,1152.87,512,512,158.0,55.8
IMG_0938,Peach,Bacterial_Spot,Diseased,1702.72,512,512,106.13,19.26
IMG_0939,Grape,Black_Rot,Diseased,,1024,1024,118.35,211.25
IMG_0940,Corn,Common_Rust,Diseased,1411.78,512,512,140.73,29.78
IMG_0941,Pepper,Bell_Bacterial_Spot,Diseased,1320.82,256,256,110.96,61.3
IMG_0942,Cherry,Healthy,Healthy,1014.08,256,256,118.8,81.02
IMG_0943,Tomato,Early_Blight,Diseased,1529.88,512,512,176.6,50.46
IMG_0944,Corn,Healthy,Healthy,1914.0,256,256,104.34,201.44
IMG_0945,Tomato,Healthy,Healthy,,256,256,101.9,119.35
IMG_0946,Grape,Healthy,Healthy,1416.27,512,512,132.79,180.36
IMG_0947,Tomato,Healthy,Healthy,1265.39,1024,1024,117.66,158.71
IMG_0948,Pepper,Healthy,Healthy,1425.65,256,256,133.84,20.77
IMG_0949,Strawberry,Leaf_Scorch,Diseased,1511.68,256,256,76.86,63.1
IMG_0950,Grape,Healthy,Healthy,1779.19,512,512,108.22,16.56
IMG_0951,Pepper,Healthy,Healthy,1938.57,256,256,88.77,219.7
IMG_0952,Strawberry,Healthy,Healthy,1777.59,256,256,130.99,23.34
IMG_0953,Tomato,Healthy,Healthy,1472.91,256,256,126.34,125.59
IMG_0954,Potato,Early_Blight,Diseased,1976.7,256,256,112.09,14.1
IMG_0955,Apple,Rust,Diseased,2123.27,256,256,103.07,51.18
IMG_0956,Potato,Early_Blight,Diseased,817.75,256,256,142.34,37.57
IMG_0957,Corn,Common_Rust,Diseased,1394.89,256,256,118.26,18.16
IMG_0958,Pepper,Healthy,Healthy,1588.47,256,256,128.72,30.23
IMG_0959,Strawberry,Leaf_Scorch,Diseased,1445.28,256,256,112.55,109.74
IMG_0960,Apple,Black_Rot,Diseased,1160.82,256,256,117.71,20.41
IMG_0961,Corn,Healthy,Healthy,610.57,256,256,,26.86
IMG_0962,Apple,Black_Rot,Diseased,1292.77,256,256,163.23,108.6
IMG_0963,Strawberry,Leaf_Scorch,Diseased,1392.55,512,512,167.23,81.48
IMG_0964,Grape,Black_Rot,Diseased,2100.17,512,512,142.05,66.5
IMG_0965,Strawberry,Leaf_Scorch,Diseased,,256,256,118.72,32.97
IMG_0966,Tomato,Late_Blight,Diseased,1307.06,512,512,165.36,27.22
IMG_0967,Corn,Healthy,Healthy,2178.19,512,512,107.68,15.0
IMG_0968,Grape,Healthy,Healthy,1781.63,512,512,121.55,115.07
IMG_0969,Peach,Bacterial_Spot,Diseased,1142.42,256,256,121.24,110.9
IMG_0970,Peach,Bacterial_Spot,Diseased,1709.71,256,256,104.15,50.69
IMG_0971,Tomato,Healthy,Healthy,1898.26,1024,1024,169.38,15.99
IMG_0972,Cherry,Healthy,Healthy,853.99,512,512,99.81,12.9
IMG_0973,Apple,Rust,Diseased,2656.68,512,512,128.49,49.66
IMG_0974,Potato,Healthy,Healthy,1611.34,256,256,141.19,40.45
IMG_0975,Corn,Common_Rust,Diseased,1697.02,512,512,148.41,37.06
IMG_0976,Strawberry,Healthy,Healthy,1316.54,1024,1024,108.44,56.28
IMG_0977,Cherry,Powdery_Mildew,Diseased,1508.88,512,512,109.18,49.11
IMG_0978,Grape,Healthy,Healthy,2610.92,256,256,102.62,31.51
IMG_0979,Cherry,Powdery_Mildew,Diseased,1456.52,256,256,123.41,19.23
IMG_0980,Grape,Black_Rot,Diseased,1348.69,256,256,77.53,48.24
IMG_0981,Strawberry,Leaf_Scorch,Diseased,2136.16,256,256,88.67,74.53
IMG_0982,Potato,Late_Blight,Diseased,1272.34,256,256,115.22,308.06
IMG_0983,Corn,Common_Rust,Diseased,1100.68,256,256,128.58,20.41
IMG_0984,Pepper,Bell_Bacterial_Spot,Diseased,1707.52,256,256,97.73,35.31
IMG_0985,,Black_Rot,Diseased,1956.03,1024,1024,150.43,18.55
IMG_0986,Apple,Black_Rot,Diseased,1165.16,256,256,159.3,125.72
IMG_0987,Cherry,Powdery_Mildew,Diseased,2496.87,256,256,150.31,29.77
IMG_0988,Cherry,Powdery_Mildew,Diseased,1389.95,256,256,108.98,25.24
IMG_0989,Pepper,Healthy,Healthy,1155.74,256,256,146.94,120.58
IMG_0990,Peach,Bacterial_Spot,Diseased,1626.97,512,512,85.43,18.51
IMG_0991,Cherry,Powdery_Mildew,Diseased,2018.33,256,256,103.73,69.01
IMG_0992,Corn,Common_Rust,Diseased,1726.57,512,512,104.2,224.62
IMG_0993,Grape,Healthy,Healthy,1515.62,256,256,144.07,53.33
IMG_0994,Peach,Bacterial_Spot,Diseased,1798.47,256,256,151.39,28.28
IMG_0995,Tomato,Late_Blight,Diseased,1730.58,1024,1024,127.23,31.08
IMG_0996,Grape,Black_Rot,Diseased,896.58,1024,1024,143.44,12.52
IMG_0997,Grape,Black_Rot,Diseased,2119.46,256,256,100.43,23.53
IMG_0998,Pepper,Healthy,Healthy,1628.09,256,256,126.29,37.75
IMG_0999,Apple,Rust,Diseased,1014.52,256,256,154.17,37.37
IMG_1000,Tomato,Healthy,Healthy,1360.62,256,256,117.69,34.32
IMG_1001,Potato,Healthy,Healthy,7129.97,256,256,100.04,18.95
IMG_1002,Peach,Bacterial_Spot,Diseased,1591.2,256,256,106.27,28.02
IMG_1003,Tomato,Late_Blight,Diseased,2026.74,512,512,132.3,172.7
IMG_1004,Potato,Early_Blight,Diseased,1409.43,256,256,74.58,147.63
IMG_1005,Strawberry,Leaf_Scorch,Diseased,923.34,256,256,125.79,71.68
IMG_1006,Tomato,Late_Blight,Diseased,1830.68,256,256,79.83,91.3
IMG_1007,Apple,Black_Rot,Diseased,367.07,256,256,107.61,43.59
IMG_1008,Apple,Rust,Diseased,1963.84,1024,1024,112.8,22.38
IMG_1009,Grape,Healthy,Healthy,2016.22,256,256,112.5,25.29
IMG_1010,Peach,Bacterial_Spot,Diseased,1846.06,1024,1024,82.99,73.55
IMG_1011,Potato,Healthy,Healthy,907.03,256,256,153.59,51.83
IMG_1012,Potato,Late_Blight,Diseased,1349.63,256,256,141.61,142.67
IMG_1013,Strawberry,Healthy,Healthy,962.75,512,512,109.12,68.86
IMG_1014,Tomato,Early_Blight,Diseased,1341.76,512,512,117.07,41.25
IMG_1015,Apple,Rust,Diseased,1084.15,256,256,135.56,27.53
IMG_1016,Corn,Healthy,Healthy,1493.47,256,256,137.99,36.33
IMG_1017,Peach,Healthy,Healthy,824.57,256,256,156.17,55.78
IMG_1018,Cherry,Powdery_Mildew,Diseased,973.43,256,256,151.02,38.61
IMG_1019,Pepper,Healthy,Healthy,955.67,512,512,110.44,44.08
IMG_1020,Apple,Healthy,Healthy,778.41,256,256,105.33,45.02
IMG_1021,Cherry,Powdery_Mildew,Diseased,1314.77,512,512,128.7,118.11
IMG_1022,Tomato,Healthy,Healthy,346.27,512,512,127.19,28.52
IMG_1023,Strawberry,Leaf_Scorch,Diseased,1426.39,512,512,118.28,10.12
IMG_1024,Strawberry,Leaf_Scorch,Diseased,504.87,256,256,129.45,38.66
IMG_1025,Pepper,Healthy,Healthy,1042.31,256,256,113.87,14.99
IMG_1026,Grape,Black_Rot,Diseased,1046.98,256,256,107.02,16.0
IMG_1027,Pepper,Bell_Bacterial_Spot,Diseased,608.48,256,256,112.92,17.59
IMG_1028,Cherry,Powdery_Mildew,Diseased,1339.05,256,256,109.92,12.94
IMG_1029,Apple,Rust,Diseased,2314.0,512,512,80.41,28.91
IMG_1030,Grape,Black_Rot,Diseased,1643.28,256,256,89.67,11.67
IMG_1031,Apple,Rust,Diseased,1422.59,256,256,75.55,31.69
IMG_1032,Strawberry,Leaf_Scorch,Diseased,1450.45,256,256,140.24,80.08
IMG_1033,Peach,Healthy,Healthy,2079.53,512,512,149.19,63.18
IMG_1034,Pepper,Bell_Bacterial_Spot,Diseased,1373.97,256,256,85.18,21.76
IMG_1035,Grape,Black_Rot,Diseased,1883.53,256,256,144.4,80.64
IMG_1036,Potato,Healthy,Healthy,1951.07,256,256,135.41,22.5
IMG_1037,Pepper,Healthy,Healthy,1439.16,256,256,152.81,102.2
IMG_1038,Grape,Healthy,Healthy,2118.29,256,256,110.89,22.91
IMG_1039,Peach,Bacterial_Spot,Diseased,1284.97,256,256,88.45,15.21
IMG_1040,Potato,Healthy,Healthy,1949.22,512,512,91.09,152.5
IMG_1041,Apple,Black_Rot,Diseased,1619.81,256,256,106.6,19.66
IMG_1042,Tomato,Healthy,Healthy,1269.5,256,256,,59.95
IMG_1043,Grape,Healthy,Healthy,669.15,256,256,121.22,75.97
IMG_1044,Cherry,Powdery_Mildew,Diseased,1405.89,256,256,133.59,43.28
IMG_1045,Cherry,Powdery_Mildew,Diseased,1352.92,256,256,149.49,75.41
IMG_1046,Grape,Healthy,Healthy,1315.94,512,512,134.78,48.0
IMG_1047,Apple,Rust,Diseased,1397.44,256,256,172.62,12.43
IMG_1048,Grape,Healthy,Healthy,965.17,256,256,115.39,83.57
IMG_1049,Pepper,Bell_Bacterial_Spot,Diseased,1494.55,256,256,123.61,55.19
IMG_1050,Potato,Healthy,Healthy,1348.0,256,256,118.72,10.01
IMG_1051,Strawberry,Leaf_Scorch,Diseased,1508.85,256,256,128.6,1.72
IMG_1052,Grape,Black_Rot,Diseased,1294.82,1024,1024,105.03,70.79
IMG_1053,Apple,Rust,Diseased,1697.41,256,256,146.72,24.53
IMG_1054,Apple,Rust,Diseased,1444.81,512,512,146.54,20.0
IMG_1055,Potato,Early_Blight,Diseased,2041.12,1024,1024,103.65,33.61
IMG_1056,Cherry,Healthy,Healthy,1313.37,256,256,122.98,94.65
IMG_1057,Potato,Early_Blight,Diseased,740.13,256,256,98.97,12.06
IMG_1058,Strawberry,Leaf_Scorch,Diseased,1448.69,256,256,84.3,27.04
IMG_1059,Tomato,Healthy,Healthy,1255.93,256,256,80.4,16.41
IMG_1060,,Early_Blight,Diseased,1063.68,256,256,116.26,13.41
IMG_1061,Pepper,Bell_Bacterial_Spot,Diseased,1762.88,256,256,,13.02
IMG_1062,Potato,Healthy,Healthy,1444.29,256,256,125.62,50.8
IMG_1063,Tomato,Early_Blight,Diseased,768.13,256,256,158.01,15.14
IMG_1064,Apple,Healthy,Healthy,1746.39,256,256,111.04,54.5
IMG_1065,Pepper,Healthy,Healthy,1408.8,512,512,97.82,70.66
IMG_1066,Corn,Healthy,Healthy,937.21,256,256,129.22,11.24
IMG_1067,Pepper,Bell_Bacterial_Spot,Diseased,1058.11,256,256,168.53,202.0
IMG_1068,Potato,Early_Blight,Diseased,1763.72,256,256,145.42,208.24
IMG_1069,Strawberry,Healthy,Healthy,1727.27,256,256,101.66,32.71
IMG_1070,Strawberry,Leaf_Scorch,Diseased,1221.59,256,256,131.73,118.45
IMG_1071,Grape,Healthy,Healthy,1624.47,256,256,80.36,93.13
IMG_1072,Apple,Healthy,Healthy,1089.4,256,256,158.27,39.63
IMG_1073,Grape,Healthy,Healthy,1443.92,256,256,168.45,69.91
IMG_1074,Potato,Late_Blight,Diseased,1539.23,256,256,121.45,16.66
IMG_1075,Tomato,Early_Blight,Diseased,1293.35,256,256,120.14,11.48
IMG_1076,Potato,Healthy,Healthy,1090.7,256,256,147.73,107.51
IMG_1077,Grape,Black_Rot,Diseased,1287.69,256,256,112.79,70.91
IMG_1078,Corn,Healthy,Healthy,1078.68,1024,1024,83.81,16.77
IMG_1079,Potato,Late_Blight,Diseased,,256,256,148.79,50.43
IMG_1080,Cherry,Healthy,Healthy,1476.29,1024,1024,152.18,41.54
IMG_1081,Corn,Healthy,Healthy,,512,512,14.81,47.52
IMG_1082,Strawberry,Healthy,Healthy,1474.86,512,512,83.3,70.86
IMG_1083,Pepper,Bell_Bacterial_Spot,Diseased,1706.89,256,256,105.0,78.04
IMG_1084,Apple,Rust,Diseased,,256,256,91.76,37.53
IMG_1085,Potato,Late_Blight,Diseased,1696.9,512,512,120.37,30.27
IMG_1086,Strawberry,Healthy,Healthy,1101.97,256,256,103.02,72.88
IMG_1087,Strawberry,Healthy,Healthy,1789.34,256,256,173.24,144.07
IMG_1088,Cherry,Powdery_Mildew,Diseased,2158.15,256,256,85.57,33.9
IMG_1089,Tomato,Healthy,Healthy,1366.31,256,256,124.39,59.77
IMG_1090,Pepper,Bell_Bacterial_Spot,Diseased,1785.1,512,512,124.31,112.59
IMG_1091,Pepper,Bell_Bacterial_Spot,Diseased,418.08,256,256,137.5,13.73
IMG_1092,Corn,Common_Rust,Diseased,1462.19,256,256,99.13,51.63
IMG_1093,Peach,Healthy,Healthy,1602.9,256,256,123.63,155.01
IMG_1094,Peach,Bacterial_Spot,Diseased,1362.21,256,256,152.6,173.75
IMG_1095,Peach,Bacterial_Spot,Diseased,2372.36,1024,1024,95.76,176.29
IMG_1096,Cherry,Powdery_Mildew,Diseased,1705.54,256,256,78.15,73.87
IMG_1097,Pepper,Bell_Bacterial_Spot,Diseased,1288.81,256,256,93.33,29.03
IMG_1098,Corn,Common_Rust,Diseased,1672.92,512,512,133.68,90.28
IMG_1099,Tomato,Late_Blight,Diseased,999.87,256,256,104.22,189.19
IMG_1100,Pepper,Bell_Bacterial_Spot,Diseased,1584.33,256,256,160.06,117.74
IMG_1101,Peach,Bacterial_Spot,Diseased,4211.1,256,256,173.95,103.6
IMG_1102,Apple,Rust,Diseased,1965.41,512,512,100.65,69.81
IMG_1103,Grape,Black_Rot,Diseased,1929.02,1024,1024,113.68,48.97
IMG_1104,Grape,Black_Rot,Diseased,2071.5,256,256,147.89,91.55
IMG_1105,Peach,Bacterial_Spot,Diseased,1913.09,512,512,114.44,170.48
IMG_1106,Tomato,Late_Blight,Diseased,1284.63,256,256,146.63,27.0
IMG_1107,Cherry,Powdery_Mildew,Diseased,1146.34,1024,1024,151.29,14.12
IMG_1108,Grape,Black_Rot,Diseased,2220.16,256,256,146.72,19.6
IMG_1109,Potato,Early_Blight,Diseased,1118.15,256,256,93.23,118.15
IMG_1110,Tomato,Late_Blight,Diseased,1707.29,256,256,159.2,65.55
IMG_1111,Apple,Healthy,Healthy,1756.42,256,256,132.55,32.85
IMG_1112,Tomato,Healthy,Healthy,2098.92,256,256,147.69,115.76
IMG_1113,Strawberry,Healthy,Healthy,1227.59,256,256,98.95,37.54
IMG_1114,Potato,Early_Blight,Diseased,1584.63,1024,1024,160.32,45.82
IMG_1115,Corn,Common_Rust,Diseased,1980.77,256,256,116.05,26.67
IMG_1116,Apple,Rust,Diseased,1503.52,256,256,77.0,27.07
IMG_1117,Apple,Healthy,Healthy,2399.78,256,256,128.64,25.4
IMG_1118,Strawberry,Leaf_Scorch,Diseased,1136.95,256,256,93.67,22.02
IMG_1119,Apple,Rust,Diseased,,256,256,121.59,18.47
IMG_1120,Potato,Healthy,Healthy,926.51,1024,1024,141.18,172.24
IMG_1121,Apple,Rust,Diseased,1692.4,256,256,86.37,49.47
IMG_1122,Apple,Healthy,Healthy,1089.21,256,256,127.21,35.44
IMG_1123,Cherry,Healthy,Healthy,1397.19,256,256,130.16,56.6
IMG_1124,Tomato,Early_Blight,Diseased,1872.51,256,256,78.28,56.54
IMG_1125,Apple,Healthy,Healthy,1182.83,256,256,163.93,23.54
IMG_1126,Pepper,Healthy,Healthy,2484.4,256,256,128.77,74.29
IMG_1127,Potato,Early_Blight,Diseased,1169.67,512,512,142.22,117.43
IMG_1128,Strawberry,Healthy,Healthy,2238.56,256,256,111.56,110.39
IMG_1129,Apple,Black_Rot,Diseased,1054.95,256,256,98.89,45.69
IMG_1130,Grape,Healthy,Healthy,1757.64,256,256,114.98,37.77
IMG_1131,Apple,Healthy,Healthy,1121.67,512,512,118.45,42.77
IMG_1132,Strawberry,Leaf_Scorch,Diseased,1191.03,512,512,114.45,99.22
IMG_1133,Pepper,Healthy,Healthy,1293.31,512,512,134.47,92.0
IMG_1134,Strawberry,Healthy,Healthy,984.59,256,256,153.89,35.42
IMG_1135,Tomato,Healthy,Healthy,1156.15,256,256,150.5,191.89
IMG_1136,Strawberry,Healthy,Healthy,1143.77,512,512,95.45,28.47
IMG_1137,Apple,Healthy,Healthy,1301.8,512,512,126.23,12.98
IMG_1138,Pepper,Healthy,Healthy,160.98,512,512,110.11,45.34
IMG_1139,Tomato,Early_Blight,Diseased,2135.6,256,256,163.6,102.05
IMG_1140,Pepper,Healthy,Healthy,1443.63,512,512,74.1,35.7
IMG_1141,Tomato,Late_Blight,Diseased,1771.14,256,256,110.2,256.71
IMG_1142,Peach,Healthy,Healthy,2158.53,512,512,102.55,48.21
IMG_1143,Peach,Bacterial_Spot,Diseased,1235.12,256,256,128.8,28.47
IMG_1144,Corn,Healthy,Healthy,1550.4,1024,1024,116.98,23.85
IMG_1145,Strawberry,Healthy,Healthy,1578.03,256,256,138.46,11.47
IMG_1146,Strawberry,Healthy,Healthy,1714.99,256,256,82.59,52.7
IMG_1147,Strawberry,Healthy,Healthy,2039.67,512,512,94.22,37.06
IMG_1148,Apple,Black_Rot,Diseased,1509.77,256,256,142.85,15.18
IMG_1149,Cherry,Powdery_Mildew,Diseased,1031.85,512,512,119.35,145.32
IMG_1150,Strawberry,Leaf_Scorch,Diseased,1581.37,1024,1024,109.11,13.14
IMG_1151,Strawberry,Leaf_Scorch,Diseased,1010.49,256,256,135.9,55.64
IMG_1152,,Healthy,Healthy,1343.69,256,256,140.08,131.85
IMG_1153,Grape,Healthy,Healthy,1702.94,512,512,97.69,37.94
IMG_1154,Cherry,Healthy,Healthy,620.58,256,256,103.8,17.78
IMG_1155,Tomato,Late_Blight,Diseased,1892.11,256,256,149.68,55.11
IMG_1156,Cherry,Healthy,Healthy,2526.26,256,256,145.12,22.9
IMG_1157,Potato,Early_Blight,Diseased,1918.5,256,256,137.09,28.8
IMG_1158,Grape,Healthy,Healthy,2140.88,256,256,137.98,22.11
IMG_1159,Corn,Common_Rust,Diseased,1512.93,256,256,98.63,84.24
IMG_1160,Grape,Healthy,Healthy,1610.68,256,256,150.88,25.37
IMG_1161,Strawberry,Leaf_Scorch,Diseased,1512.0,256,256,146.96,13.45
IMG_1162,Tomato,Late_Blight,Diseased,1396.87,256,256,98.27,69.18
IMG_1163,Pepper,Bell_Bacterial_Spot,Diseased,951.17,512,512,141.4,10.57
IMG_1164,Apple,Rust,Diseased,1971.98,256,256,135.97,50.9
IMG_1165,Corn,Common_Rust,Diseased,1285.12,256,256,68.73,68.51
IMG_1166,Potato,Early_Blight,Diseased,1995.6,256,256,122.68,53.32
IMG_1167,Pepper,Healthy,Healthy,1220.01,256,256,77.42,93.81
IMG_1168,Apple,Healthy,Healthy,1410.48,256,256,106.8,15.34
IMG_1169,Strawberry,Healthy,Healthy,1108.28,1024,1024,112.62,32.62
IMG_1170,Strawberry,Leaf_Scorch,Diseased,1565.34,256,256,107.38,76.54
IMG_1171,Tomato,Early_Blight,Diseased,1380.75,256,256,131.59,46.36
IMG_1172,Cherry,Powdery_Mildew,Diseased,839.04,256,256,128.69,108.0
IMG_1173,Pepper,Bell_Bacterial_Spot,Diseased,1238.99,1024,1024,157.8,45.1
IMG_1174,Cherry,Healthy,Healthy,1255.53,256,256,84.21,118.84
IMG_1175,Corn,Common_Rust,Diseased,582.42,512,512,158.39,21.44
IMG_1176,Cherry,Healthy,Healthy,1621.05,256,256,135.2,17.44
IMG_1177,Pepper,Bell_Bacterial_Spot,Diseased,1346.75,256,256,152.16,39.99
IMG_1178,Strawberry,Leaf_Scorch,Diseased,1460.11,512,512,146.23,18.6
IMG_1179,Cherry,Healthy,Healthy,1290.07,1024,1024,130.89,25.44
IMG_1180,Potato,Late_Blight,Diseased,,512,512,80.9,51.34
IMG_1181,Apple,Healthy,Healthy,1467.24,256,256,137.44,36.87
IMG_1182,Peach,Bacterial_Spot,Diseased,1896.48,1024,1024,133.58,25.64
IMG_1183,Tomato,Healthy,Healthy,,256,256,117.98,173.04
IMG_1184,Potato,Late_Blight,Diseased,1961.88,512,512,108.78,36.31
IMG_1185,Potato,Healthy,Healthy,1418.35,256,256,94.37,144.89
IMG_1186,Corn,Common_Rust,Diseased,2747.07,256,256,153.58,83.3
IMG_1187,Peach,Bacterial_Spot,Diseased,1397.18,256,256,103.1,11.62
IMG_1188,Tomato,Late_Blight,Diseased,1611.02,256,256,138.59,10.43
IMG_1189,Apple,Black_Rot,Diseased,1317.19,256,256,134.22,22.87
IMG_1190,Strawberry,Leaf_Scorch,Diseased,1330.48,1024,1024,135.74,102.63
IMG_1191,Strawberry,Healthy,Healthy,1711.62,256,256,110.31,114.71
IMG_1192,Grape,Healthy,Healthy,1310.59,512,512,113.4,70.34
IMG_1193,Pepper,Bell_Bacterial_Spot,Diseased,962.94,256,256,99.75,55.38
IMG_1194,Pepper,Healthy,Healthy,1241.0,256,256,138.43,48.04
IMG_1195,Grape,Black_Rot,Diseased,1844.69,256,256,,24.79
IMG_1196,Strawberry,Healthy,Healthy,1277.19,256,256,107.8,89.86
IMG_1197,Peach,Healthy,Healthy,901.79,256,256,88.39,46.03
IMG_1198,Corn,Healthy,Healthy,1963.97,1024,1024,116.48,28.38
IMG_1199,Peach,Healthy,Healthy,969.8,256,256,118.57,19.26
IMG_1200,Strawberry,Healthy,Healthy,1781.55,256,256,125.54,60.16
IMG_1201,Tomato,Healthy,Healthy,4319.7,256,256,10.2,6.45
IMG_1202,Cherry,Healthy,Healthy,1111.08,512,512,102.6,11.2
IMG_1203,Pepper,Healthy,Healthy,1754.13,512,512,137.79,57.2
IMG_1204,Peach,Healthy,Healthy,1452.93,256,256,171.32,52.63
IMG_1205,Pepper,Bell_Bacterial_Spot,Diseased,1472.42,256,256,75.97,24.96
IMG_1206,Peach,Healthy,Healthy,1507.43,512,512,94.44,19.0
IMG_1207,Grape,Healthy,Healthy,2023.27,256,256,147.88,87.03
IMG_1208,Peach,Bacterial_Spot,Diseased,1125.2,256,256,123.59,236.34
IMG_1209,Apple,Healthy,Healthy,1365.67,1024,1024,113.99,47.76
IMG_1210,Strawberry,Leaf_Scorch,Diseased,1643.45,256,256,163.57,40.9
IMG_1211,Grape,Healthy,Healthy,1982.05,512,512,,109.72
IMG_1212,Corn,Healthy,Healthy,1558.26,512,512,102.49,21.26
IMG_1213,Corn,Healthy,Healthy,2545.92,256,256,104.99,49.56
IMG_1214,Corn,Healthy,Healthy,1660.92,256,256,134.7,24.07
IMG_1215,Cherry,Healthy,Healthy,1484.64,256,256,157.13,11.5
IMG_1216,Apple,Healthy,Healthy,2112.59,1024,1024,135.89,115.64
IMG_1217,Apple,Black_Rot,Diseased,2415.52,1024,1024,126.5,33.74
IMG_1218,Strawberry,Healthy,Healthy,794.71,256,256,116.05,68.07
IMG_1219,Apple,Healthy,Healthy,1154.0,256,256,112.93,45.51
IMG_1220,Strawberry,Healthy,Healthy,1293.06,256,256,104.2,13.68
IMG_1221,Apple,Rust,Diseased,1580.45,256,256,145.74,35.68
IMG_1222,Strawberry,Leaf_Scorch,Diseased,813.89,1024,1024,128.22,25.96
IMG_1223,Cherry,Powdery_Mildew,Diseased,1074.66,256,256,130.37,10.05
IMG_1224,Pepper,Healthy,Healthy,1908.65,512,512,137.67,55.98
IMG_1225,Potato,Late_Blight,Diseased,1656.84,512,512,109.47,13.77
IMG_1226,Strawberry,Leaf_Scorch,Diseased,1312.93,512,512,121.03,10.99
IMG_1227,Tomato,Early_Blight,Diseased,601.77,256,256,157.47,135.17
IMG_1228,Corn,Healthy,Healthy,1578.16,256,256,100.77,65.58
IMG_1229,Strawberry,Leaf_Scorch,Diseased,1326.69,256,256,100.03,60.76
IMG_1230,Grape,Healthy,Healthy,1611.39,512,512,137.84,53.84
IMG_1231,Pepper,Healthy,Healthy,1473.83,256,256,149.12,49.42
IMG_1232,Pepper,Bell_Bacterial_Spot,Diseased,1184.09,256,256,108.28,49.32
IMG_1233,Potato,Healthy,Healthy,1292.56,256,256,109.36,24.66
IMG_1234,Cherry,Healthy,Healthy,1737.87,256,256,109.83,14.96
IMG_1235,Corn,Common_Rust,Diseased,1425.6,512,512,118.46,84.47
IMG_1236,Cherry,Healthy,Healthy,1735.61,256,256,98.62,41.66
IMG_1237,Potato,Healthy,Healthy,933.16,256,256,109.05,30.62
IMG_1238,Potato,Early_Blight,Diseased,781.26,1024,1024,122.74,45.38
IMG_1239,Potato,Late_Blight,Diseased,892.88,256,256,94.52,102.66
IMG_1240,Tomato,Healthy,Healthy,1698.63,256,256,108.97,68.14
IMG_1241,Pepper,Healthy,Healthy,1184.87,256,256,144.49,30.57
IMG_1242,Corn,Common_Rust,Diseased,1696.11,1024,1024,110.74,31.97
IMG_1243,Peach,Bacterial_Spot,Diseased,1065.7,512,512,100.8,44.43
IMG_1244,,Bacterial_Spot,Diseased,1511.92,256,256,122.44,12.24
IMG_1245,Strawberry,Leaf_Scorch,Diseased,,512,512,115.26,188.64
IMG_1246,Potato,Late_Blight,Diseased,1317.98,512,512,96.05,37.5
IMG_1247,Apple,Black_Rot,Diseased,1230.43,256,256,150.9,34.34
IMG_1248,Apple,Black_Rot,Diseased,2073.53,256,256,145.22,90.67
IMG_1249,Pepper,Bell_Bacterial_Spot,Diseased,2005.86,512,512,120.25,45.45
IMG_1250,Potato,Late_Blight,Diseased,1671.93,256,256,172.3,47.96
IMG_1251,Tomato,Early_Blight,Diseased,2260.86,1024,1024,155.46,143.44
IMG_1252,Pepper,Bell_Bacterial_Spot,Diseased,1418.16,256,256,129.37,16.28
IMG_1253,Tomato,Early_Blight,Diseased,1406.69,256,256,92.88,53.37
IMG_1254,Cherry,Healthy,Healthy,2090.29,256,256,86.11,95.7
IMG_1255,Apple,Rust,Diseased,553.55,256,256,83.33,63.91
IMG_1256,Potato,Early_Blight,Diseased,1092.03,256,256,109.0,47.96
IMG_1257,Peach,Bacterial_Spot,Diseased,1230.84,512,512,120.27,10.13
IMG_1258,Tomato,Early_Blight,Diseased,1765.14,256,256,107.3,24.9
IMG_1259,Peach,Healthy,Healthy,1414.18,256,256,93.13,83.5
IMG_1260,Potato,Late_Blight,Diseased,59.57,256,256,99.59,52.82
IMG_1261,,Healthy,Healthy,1789.34,256,256,135.02,45.67
IMG_1262,Strawberry,Leaf_Scorch,Diseased,1303.97,256,256,128.64,46.46
IMG_1263,Corn,Healthy,Healthy,1000.97,256,256,167.17,62.13
IMG_1264,Potato,Healthy,Healthy,2027.28,512,512,161.25,14.15
IMG_1265,Tomato,Late_Blight,Diseased,1801.35,256,256,181.73,22.08
IMG_1266,Cherry,Healthy,Healthy,1553.52,512,512,122.3,30.69
IMG_1267,Strawberry,Leaf_Scorch,Diseased,2044.83,256,256,162.44,57.78
IMG_1268,Tomato,Late_Blight,Diseased,1354.22,256,256,166.01,83.14
IMG_1269,Grape,Black_Rot,Diseased,1504.37,256,256,,25.36
IMG_1270,Grape,Healthy,Healthy,907.42,512,512,123.6,23.52
IMG_1271,Strawberry,Healthy,Healthy,1486.52,256,256,103.76,55.04
IMG_1272,Potato,Healthy,Healthy,1689.15,256,256,89.8,27.36
IMG_1273,Corn,Common_Rust,Diseased,785.78,256,256,160.45,269.7
IMG_1274,Grape,Black_Rot,Diseased,,256,256,148.6,36.33
IMG_1275,Cherry,Healthy,Healthy,1383.82,512,512,170.11,27.41
IMG_1276,Corn,Common_Rust,Diseased,1677.66,256,256,145.73,54.71
IMG_1277,Potato,Healthy,Healthy,1525.01,512,512,176.56,43.02
IMG_1278,Cherry,Healthy,Healthy,1866.56,256,256,125.89,201.58
IMG_1279,Cherry,Powdery_Mildew,Diseased,951.72,256,256,,72.27
IMG_1280,Pepper,Healthy,Healthy,1977.93,256,256,113.89,85.38
IMG_1281,Peach,Healthy,Healthy,2000.96,256,256,123.62,33.1
IMG_1282,Grape,Black_Rot,Diseased,1615.92,256,256,127.88,93.53
IMG_1283,Potato,Late_Blight,Diseased,1885.0,512,512,68.66,18.05
IMG_1284,Corn,Healthy,Healthy,1966.24,1024,1024,140.3,19.23
IMG_1285,Grape,Healthy,Healthy,1756.78,256,256,130.39,16.54
IMG_1286,Tomato,Healthy,Healthy,1391.89,1024,1024,114.15,46.89
IMG_1287,Strawberry,Healthy,Healthy,1675.0,256,256,150.45,51.94
IMG_1288,Cherry,Healthy,Healthy,910.97,512,512,136.96,58.37
IMG_1289,Cherry,Healthy,Healthy,994.45,256,256,100.46,39.0
IMG_1290,Apple,Healthy,Healthy,,256,256,129.37,74.23
IMG_1291,Cherry,Powdery_Mildew,Diseased,,512,512,97.51,55.78
IMG_1292,Potato,Late_Blight,Diseased,1784.67,256,256,127.45,144.78
IMG_1293,Strawberry,Leaf_Scorch,Diseased,,256,256,124.43,53.31
IMG_1294,Cherry,Healthy,Healthy,1986.9,256,256,146.82,42.62
IMG_1295,Cherry,Powdery_Mildew,Diseased,1739.9,256,256,161.39,71.58
IMG_1296,Strawberry,Leaf_Scorch,Diseased,1544.69,256,256,146.23,132.93
IMG_1297,Apple,Healthy,Healthy,1664.16,256,256,129.74,55.55
IMG_1298,,Healthy,Healthy,1431.65,256,256,124.94,179.15
IMG_1299,Peach,Bacterial_Spot,Diseased,1224.36,1024,1024,153.63,10.27
IMG_1300,Tomato,Healthy,Healthy,1687.08,512,512,150.02,122.05
IMG_1301,Tomato,Early_Blight,Diseased,6093.05,1024,1024,91.73,41.68
IMG_1302,Peach,Bacterial_Spot,Diseased,1943.75,256,256,175.37,40.83
IMG_1303,Corn,Common_Rust,Diseased,1776.1,256,256,143.76,29.04
IMG_1304,Strawberry,Healthy,Healthy,501.72,256,256,102.67,63.04
IMG_1305,Pepper,Healthy,Healthy,1509.39,512,512,166.58,28.1
IMG_1306,Pepper,Bell_Bacterial_Spot,Diseased,2161.79,256,256,102.93,201.97
IMG_1307,Strawberry,Healthy,Healthy,1483.5,256,256,144.28,80.8
IMG_1308,Tomato,Healthy,Healthy,2363.65,256,256,150.08,34.13
IMG_1309,Tomato,Late_Blight,Diseased,1238.09,1024,1024,163.73,70.71
IMG_1310,Pepper,Bell_Bacterial_Spot,Diseased,1295.76,256,256,106.99,25.25
IMG_1311,Apple,Rust,Diseased,1470.86,256,256,82.78,14.95
IMG_1312,Peach,Healthy,Healthy,2255.71,256,256,147.27,13.79
IMG_1313,Peach,Healthy,Healthy,1627.31,256,256,,40.84
IMG_1314,Grape,Healthy,Healthy,1938.23,256,256,121.88,50.31
IMG_1315,Pepper,Healthy,Healthy,1431.05,256,256,,107.58
IMG_1316,Grape,Black_Rot,Diseased,1785.89,512,512,91.99,89.38
IMG_1317,Corn,Healthy,Healthy,1206.83,1024,1024,142.98,42.15
IMG_1318,Pepper,Bell_Bacterial_Spot,Diseased,1203.91,256,256,123.28,113.44
IMG_1319,Strawberry,Healthy,Healthy,467.3,512,512,140.18,38.96
IMG_1320,Potato,Healthy,Healthy,1166.99,256,256,111.82,30.25
IMG_1321,Apple,Healthy,Healthy,984.37,256,256,13.38,40.89
IMG_1322,Grape,Black_Rot,Diseased,1372.67,1024,1024,114.2,55.56
IMG_1323,Peach,Healthy,Healthy,1406.59,1024,1024,147.02,42.51
IMG_1324,Grape,Black_Rot,Diseased,,512,512,166.71,197.52
IMG_1325,Pepper,Bell_Bacterial_Spot,Diseased,1673.97,256,256,154.42,25.08
IMG_1326,Pepper,Bell_Bacterial_Spot,Diseased,731.72,256,256,150.82,25.17
IMG_1327,Grape,Black_Rot,Diseased,1845.22,256,256,145.68,30.22
IMG_1328,Tomato,Late_Blight,Diseased,1337.78,256,256,104.12,29.15
IMG_1329,Pepper,Bell_Bacterial_Spot,Diseased,1764.17,256,256,132.66,14.39
IMG_1330,Grape,Black_Rot,Diseased,1441.06,256,256,168.84,12.14
IMG_1331,Corn,Common_Rust,Diseased,1437.88,512,512,152.84,44.34
IMG_1332,Grape,Black_Rot,Diseased,1301.65,512,512,112.59,33.48
IMG_1333,Tomato,Early_Blight,Diseased,1431.0,256,256,102.18,10.36
IMG_1334,Pepper,Healthy,Healthy,,512,512,134.48,24.45
IMG_1335,Peach,Bacterial_Spot,Diseased,1851.61,1024,1024,142.95,197.35
IMG_1336,Strawberry,Leaf_Scorch,Diseased,1121.4,1024,1024,123.48,42.49
IMG_1337,Corn,Common_Rust,Diseased,1353.05,512,512,112.57,192.25
IMG_1338,Tomato,Late_Blight,Diseased,2052.05,256,256,156.12,14.66
IMG_1339,Potato,Healthy,Healthy,1686.9,256,256,114.32,16.76
IMG_1340,Strawberry,Healthy,Healthy,1282.28,256,256,178.2,22.88
IMG_1341,Peach,Healthy,Healthy,2783.51,256,256,135.95,29.09
IMG_1342,Corn,Healthy,Healthy,1175.93,256,256,111.76,55.74
IMG_1343,Apple,Healthy,Healthy,1278.73,256,256,108.68,92.53
IMG_1344,Corn,Healthy,Healthy,2025.05,1024,1024,97.77,54.76
IMG_1345,Apple,Rust,Diseased,1663.32,256,256,85.88,17.7
IMG_1346,Corn,Healthy,Healthy,1866.67,256,256,118.25,41.79
IMG_1347,Grape,Healthy,Healthy,1514.65,256,256,119.82,26.34
IMG_1348,Peach,Bacterial_Spot,Diseased,2174.44,256,256,113.48,54.65
IMG_1349,Potato,Healthy,Healthy,1574.43,1024,1024,88.37,50.35
IMG_1350,Cherry,Powdery_Mildew,Diseased,1931.88,256,256,108.43,78.47
IMG_1351,Corn,Common_Rust,Diseased,1111.89,512,512,125.96,12.01
IMG_1352,Strawberry,Healthy,Healthy,977.7,256,256,127.21,44.73
IMG_1353,Grape,Black_Rot,Diseased,897.65,256,256,98.09,155.06
IMG_1354,Strawberry,Healthy,Healthy,1975.55,512,512,172.66,94.21
IMG_1355,Potato,Early_Blight,Diseased,1217.96,256,256,126.1,192.54
IMG_1356,Cherry,Healthy,Healthy,960.16,256,256,111.81,90.1
IMG_1357,Potato,Early_Blight,Diseased,1948.68,512,512,125.68,27.45
IMG_1358,Apple,Healthy,Healthy,1591.64,1024,1024,149.38,36.78
IMG_1359,Corn,Healthy,Healthy,1156.55,512,512,134.75,11.3
IMG_1360,Tomato,Late_Blight,Diseased,1592.33,512,512,120.66,41.05
IMG_1361,Cherry,Powdery_Mildew,Diseased,1244.47,256,256,95.63,73.51
IMG_1362,Cherry,Powdery_Mildew,Diseased,1759.97,512,512,87.48,29.8
IMG_1363,Strawberry,Leaf_Scorch,Diseased,1464.65,256,256,147.06,48.2
IMG_1364,Pepper,Bell_Bacterial_Spot,Diseased,2384.28,512,512,118.48,53.68
IMG_1365,Corn,Healthy,Healthy,1551.38,256,256,87.4,42.6
IMG_1366,Pepper,Healthy,Healthy,1263.48,256,256,159.19,36.34
IMG_1367,Corn,Common_Rust,Diseased,907.39,256,256,119.04,62.42
IMG_1368,Grape,Healthy,Healthy,1488.9,256,256,96.87,30.36
IMG_1369,Peach,Bacterial_Spot,Diseased,1554.55,256,256,115.53,24.49
IMG_1370,Pepper,Healthy,Healthy,1502.32,256,256,176.81,126.06
IMG_1371,Pepper,Healthy,Healthy,1321.39,512,512,118.7,18.78
IMG_1372,Corn,Healthy,Healthy,1033.73,256,256,138.55,55.03
IMG_1373,Strawberry,Leaf_Scorch,Diseased,1671.5,256,256,97.19,20.76
IMG_1374,Potato,Late_Blight,Diseased,1808.19,256,256,129.44,62.31
IMG_1375,Pepper,Bell_Bacterial_Spot,Diseased,1927.28,512,512,149.02,90.72
IMG_1376,Strawberry,Healthy,Healthy,1002.11,256,256,173.47,10.33
IMG_1377,Peach,Healthy,Healthy,1897.15,256,256,115.7,77.83
IMG_1378,Corn,Healthy,Healthy,1680.4,256,256,153.53,80.34
IMG_1379,Strawberry,Healthy,Healthy,1697.9,512,512,153.88,13.85
IMG_1380,Strawberry,Healthy,Healthy,854.4,512,512,162.77,97.71
IMG_1381,Strawberry,Leaf_Scorch,Diseased,2514.15,256,256,111.75,99.35
IMG_1382,Tomato,Late_Blight,Diseased,1466.78,256,256,128.7,24.99
IMG_1383,Pepper,Bell_Bacterial_Spot,Diseased,1082.89,256,256,97.29,79.03
IMG_1384,Apple,Healthy,Healthy,555.74,256,256,95.65,164.33
IMG_1385,Cherry,Healthy,Healthy,1326.39,256,256,93.77,23.94
IMG_1386,Pepper,Healthy,Healthy,2164.17,256,256,123.52,92.9
IMG_1387,Cherry,Healthy,Healthy,1429.85,256,256,127.0,14.93
IMG_1388,Potato,Healthy,Healthy,1461.89,256,256,111.4,23.89
IMG_1389,Strawberry,Healthy,Healthy,753.61,1024,1024,93.13,25.59
IMG_1390,Peach,Healthy,Healthy,1936.41,256,256,141.35,50.24
IMG_1391,Corn,Healthy,Healthy,1741.49,256,256,134.09,22.73
IMG_1392,Corn,Common_Rust,Diseased,2060.6,256,256,114.89,40.03
IMG_1393,Apple,Rust,Diseased,1371.3,256,256,134.89,18.37
IMG_1394,Corn,Common_Rust,Diseased,1487.01,512,512,128.55,36.2
IMG_1395,Peach,Healthy,Healthy,1773.94,256,256,116.47,55.48
IMG_1396,Strawberry,Healthy,Healthy,1246.62,256,256,95.58,10.29
IMG_1397,Grape,Black_Rot,Diseased,1374.73,256,256,108.08,65.33
IMG_1398,Strawberry,Healthy,Healthy,331.68,512,512,138.42,33.65
IMG_1399,Peach,Bacterial_Spot,Diseased,1082.3,256,256,80.6,61.75
IMG_1400,Corn,Healthy,Healthy,1736.01,256,256,151.09,13.3
IMG_1401,Apple,Rust,Diseased,8416.95,256,256,97.19,158.66
IMG_1402,Apple,Healthy,Healthy,1586.03,512,512,107.43,12.84
IMG_1403,Grape,Healthy,Healthy,1656.11,256,256,142.85,47.14
IMG_1404,Corn,Common_Rust,Diseased,1206.36,256,256,121.31,52.78
IMG_1405,Pepper,Bell_Bacterial_Spot,Diseased,2016.92,256,256,91.05,66.51
IMG_1406,Potato,Early_Blight,Diseased,1330.08,1024,1024,136.66,15.52
IMG_1407,Corn,Healthy,Healthy,1269.05,512,512,,40.84
IMG_1408,Strawberry,Healthy,Healthy,1375.64,256,256,138.41,80.02
IMG_1409,Peach,Healthy,Healthy,2202.38,1024,1024,,24.23
IMG_1410,Apple,Rust,Diseased,1413.96,1024,1024,103.99,35.97
IMG_1411,Grape,Healthy,Healthy,2086.17,256,256,128.76,19.63
IMG_1412,Potato,Early_Blight,Diseased,1712.99,512,512,123.66,44.12
IMG_1413,Potato,Healthy,Healthy,1683.1,512,512,104.73,62.15
IMG_1414,Corn,Common_Rust,Diseased,2305.27,256,256,110.8,27.4
IMG_1415,Potato,Healthy,Healthy,2485.42,256,256,137.93,11.28
IMG_1416,Grape,Black_Rot,Diseased,1456.44,256,256,160.8,24.78
IMG_1417,Grape,Black_Rot,Diseased,1778.42,256,256,109.97,107.71
IMG_1418,Grape,Healthy,Healthy,831.16,256,256,106.86,131.39
IMG_1419,Potato,Healthy,Healthy,1308.32,1024,1024,128.74,49.58
IMG_1420,Grape,Healthy,Healthy,1920.9,256,256,170.05,36.19
IMG_1421,Potato,Early_Blight,Diseased,1600.88,256,256,,18.1
IMG_1422,Pepper,Bell_Bacterial_Spot,Diseased,711.88,512,512,100.94,18.64
IMG_1423,Grape,Healthy,Healthy,1361.42,512,512,135.37,27.85
IMG_1424,Peach,Healthy,Healthy,1790.6,256,256,137.17,64.02
IMG_1425,Peach,Bacterial_Spot,Diseased,1641.75,512,512,153.9,120.7
IMG_1426,Apple,Black_Rot,Diseased,1021.95,256,256,108.26,158.46
IMG_1427,Cherry,Powdery_Mildew,Diseased,1421.03,512,512,122.34,46.89
IMG_1428,Cherry,Healthy,Healthy,1375.79,256,256,100.81,11.73
IMG_1429,Grape,Black_Rot,Diseased,1140.45,512,512,94.39,37.06
IMG_1430,Pepper,Bell_Bacterial_Spot,Diseased,1469.88,1024,1024,115.27,84.65
IMG_1431,Grape,Healthy,Healthy,1581.92,256,256,96.23,36.07
IMG_1432,Peach,Bacterial_Spot,Diseased,1663.66,256,256,125.8,232.0
IMG_1433,Grape,Black_Rot,Diseased,1884.72,256,256,156.54,14.78
IMG_1434,Strawberry,Leaf_Scorch,Diseased,1828.39,256,256,124.38,131.29
IMG_1435,Apple,Rust,Diseased,1472.71,256,256,99.01,95.51
IMG_1436,Apple,Black_Rot,Diseased,1437.93,256,256,114.87,41.77
IMG_1437,,Rust,Diseased,1596.28,256,256,151.38,21.87
IMG_1438,Apple,Rust,Diseased,1358.68,512,512,167.94,113.97
IMG_1439,Pepper,Bell_Bacterial_Spot,Diseased,2038.45,256,256,135.57,63.32
IMG_1440,Tomato,Healthy,Healthy,1183.03,256,256,161.27,47.62
IMG_1441,,Healthy,Healthy,1184.78,256,256,9.57,100.25
IMG_1442,Tomato,Early_Blight,Diseased,1762.77,256,256,151.96,158.77
IMG_1443,Pepper,Healthy,Healthy,1117.59,256,256,123.96,16.48
IMG_1444,Tomato,Early_Blight,Diseased,651.17,512,512,118.46,31.29
IMG_1445,Pepper,Bell_Bacterial_Spot,Diseased,863.01,256,256,128.41,19.9
IMG_1446,Grape,Black_Rot,Diseased,2027.77,256,256,152.12,44.51
IMG_1447,Pepper,Healthy,Healthy,926.23,256,256,124.55,21.82
IMG_1448,Grape,Black_Rot,Diseased,1667.89,256,256,147.96,74.33
IMG_1449,Strawberry,Healthy,Healthy,1652.33,256,256,114.37,26.66
IMG_1450,Strawberry,Healthy,Healthy,2037.09,256,256,90.14,16.86
IMG_1451,Pepper,Bell_Bacterial_Spot,Diseased,,256,256,119.4,56.63
IMG_1452,Pepper,Healthy,Healthy,1877.44,1024,1024,158.31,11.26
IMG_1453,Pepper,Bell_Bacterial_Spot,Diseased,1807.69,256,256,72.18,144.28
IMG_1454,Apple,Black_Rot,Diseased,1293.31,256,256,110.96,25.81
IMG_1455,Peach,Bacterial_Spot,Diseased,872.38,256,256,136.04,40.94
IMG_1456,Pepper,Healthy,Healthy,1169.68,256,256,107.04,31.03
IMG_1457,Pepper,Bell_Bacterial_Spot,Diseased,1459.59,256,256,170.18,53.33
IMG_1458,Cherry,Powdery_Mildew,Diseased,1623.09,1024,1024,121.09,35.53
IMG_1459,Apple,Black_Rot,Diseased,696.67,256,256,103.62,60.6
IMG_1460,Cherry,Powdery_Mildew,Diseased,1727.61,512,512,144.04,110.79
IMG_1461,Cherry,Powdery_Mildew,Diseased,1983.66,512,512,101.63,10.41
IMG_1462,Peach,Healthy,Healthy,1659.17,256,256,129.06,71.4
IMG_1463,Pepper,Bell_Bacterial_Spot,Diseased,1723.22,512,512,68.84,17.07
IMG_1464,Strawberry,Healthy,Healthy,745.07,256,256,99.39,16.17
IMG_1465,Grape,Black_Rot,Diseased,1353.46,256,256,127.79,154.87
IMG_1466,Potato,Healthy,Healthy,1570.7,256,256,117.34,56.18
IMG_1467,Potato,Healthy,Healthy,1441.86,256,256,129.27,99.79
IMG_1468,Grape,Black_Rot,Diseased,1638.96,256,256,117.46,54.62
IMG_1469,Peach,Healthy,Healthy,1881.2,256,256,171.62,19.76
IMG_1470,Pepper,Bell_Bacterial_Spot,Diseased,1380.05,256,256,89.16,90.29
IMG_1471,Cherry,Powdery_Mildew,Diseased,1438.14,256,256,85.39,148.3
IMG_1472,Pepper,Bell_Bacterial_Spot,Diseased,1475.95,256,256,83.83,53.11
IMG_1473,Corn,Healthy,Healthy,1335.44,256,256,159.84,34.18
IMG_1474,Tomato,Early_Blight,Diseased,1235.93,256,256,114.95,12.27
IMG_1475,Grape,Healthy,Healthy,1492.27,256,256,124.67,87.53
IMG_1476,Grape,Black_Rot,Diseased,1540.65,512,512,,17.97
IMG_1477,Peach,Healthy,Healthy,1418.96,512,512,105.47,45.26
IMG_1478,Grape,Healthy,Healthy,1892.0,256,256,83.59,36.89
IMG_1479,Peach,Bacterial_Spot,Diseased,1422.2,512,512,138.2,152.28
IMG_1480,Grape,Healthy,Healthy,1766.35,512,512,90.88,10.39
IMG_1481,Corn,Healthy,Healthy,1695.67,1024,1024,,44.24
IMG_1482,Potato,Early_Blight,Diseased,1028.09,512,512,116.51,39.34
IMG_1483,Peach,Healthy,Healthy,1230.7,512,512,142.3,26.26
IMG_1484,Strawberry,Leaf_Scorch,Diseased,2170.13,256,256,116.48,41.73
IMG_1485,Tomato,Healthy,Healthy,1584.78,256,256,90.85,67.98
IMG_1486,Pepper,Healthy,Healthy,1220.71,256,256,114.96,48.86
IMG_1487,Grape,Healthy,Healthy,2096.67,256,256,,50.78
IMG_1488,Peach,Bacterial_Spot,Diseased,1789.93,512,512,113.11,153.44
IMG_1489,Corn,Common_Rust,Diseased,1228.03,512,512,124.24,35.42
IMG_1490,Pepper,Healthy,Healthy,834.32,256,256,130.54,115.88
IMG_1491,Pepper,Healthy,Healthy,1862.18,256,256,136.32,35.29
IMG_1492,Apple,Healthy,Healthy,-3.91,512,512,168.16,71.67
IMG_1493,Potato,Early_Blight,Diseased,2112.95,256,256,144.23,187.72
IMG_1494,Grape,Healthy,Healthy,1668.21,1024,1024,106.17,128.36
IMG_1495,Potato,Healthy,Healthy,2145.19,512,512,133.17,39.95
IMG_1496,Potato,Late_Blight,Diseased,1791.69,256,256,151.12,19.94
IMG_1497,Cherry,Powdery_Mildew,Diseased,1728.19,256,256,158.56,16.52
IMG_1498,Corn,Common_Rust,Diseased,1897.77,256,256,72.42,15.88
IMG_1499,Apple,Black_Rot,Diseased,1121.69,512,512,106.28,26.89
IMG_1500,Apple,Rust,Diseased,1495.7,256,256,164.29,93.31
IMG_1501,Cherry,Powdery_Mildew,Diseased,7423.29,256,256,89.94,6.68
IMG_1502,Corn,Common_Rust,Diseased,2048.46,256,256,150.7,25.45
IMG_1503,Tomato,Early_Blight,Diseased,1752.49,256,256,175.71,33.7
IMG_1504,Strawberry,Leaf_Scorch,Diseased,1039.51,1024,1024,82.8,106.73
IMG_1505,Corn,Healthy,Healthy,1233.68,256,256,113.85,26.01
IMG_1506,Grape,Healthy,Healthy,1926.07,256,256,80.08,43.23
IMG_1507,Grape,Healthy,Healthy,1789.28,1024,1024,159.94,33.99
IMG_1508,Strawberry,Healthy,Healthy,1444.95,512,512,112.77,45.12
IMG_1509,Peach,Healthy,Healthy,1389.3,256,256,127.92,53.42
IMG_1510,Potato,Late_Blight,Diseased,1200.06,512,512,169.3,33.25
IMG_1511,Corn,Healthy,Healthy,1985.27,512,512,128.68,68.26
IMG_1512,Tomato,Late_Blight,Diseased,1713.16,256,256,139.22,22.41
IMG_1513,Cherry,Powdery_Mildew,Diseased,1766.3,256,256,91.36,25.82
IMG_1514,Strawberry,Healthy,Healthy,2412.76,256,256,122.24,26.4
IMG_1515,Corn,Healthy,Healthy,1476.15,1024,1024,130.11,50.7
IMG_1516,Cherry,Powdery_Mildew,Diseased,1471.52,256,256,121.69,24.78
IMG_1517,Potato,Healthy,Healthy,1641.19,256,256,100.3,69.44
IMG_1518,Corn,Healthy,Healthy,1215.08,256,256,148.69,10.95
IMG_1519,Corn,Common_Rust,Diseased,1698.32,256,256,87.03,36.16
IMG_1520,Corn,Common_Rust,Diseased,1311.23,1024,1024,123.87,99.61
IMG_1521,Apple,Black_Rot,Diseased,1330.16,256,256,82.32,48.11
IMG_1522,Grape,Black_Rot,Diseased,1659.06,256,256,125.04,101.36
IMG_1523,Pepper,Healthy,Healthy,2276.48,256,256,106.96,60.26
IMG_1524,Tomato,Early_Blight,Diseased,1536.95,256,256,62.79,15.85
IMG_1525,Potato,Healthy,Healthy,1552.0,512,512,116.59,72.74
IMG_1526,Strawberry,Leaf_Scorch,Diseased,1074.79,512,512,143.99,61.3
IMG_1527,Tomato,Late_Blight,Diseased,1979.1,256,256,136.85,65.91
IMG_1528,Grape,Black_Rot,Diseased,1850.32,256,256,115.69,273.08
IMG_1529,Apple,Healthy,Healthy,1305.68,256,256,109.14,28.52
IMG_1530,Grape,Healthy,Healthy,1246.62,256,256,120.44,17.0
IMG_1531,Peach,Bacterial_Spot,Diseased,1699.67,256,256,138.96,101.35
IMG_1532,Cherry,Powdery_Mildew,Diseased,1364.24,256,256,114.54,57.85
IMG_1533,Tomato,Early_Blight,Diseased,,256,256,99.43,139.32
IMG_1534,,Bacterial_Spot,Diseased,476.17,256,256,165.4,88.09
IMG_1535,Peach,Healthy,Healthy,2058.65,256,256,157.0,42.65
IMG_1536,Tomato,Healthy,Healthy,1622.71,256,256,117.29,226.81
IMG_1537,Apple,Black_Rot,Diseased,1944.36,512,512,163.65,60.38
IMG_1538,Tomato,Early_Blight,Diseased,899.68,256,256,98.29,104.74
IMG_1539,Tomato,Late_Blight,Diseased,1471.93,256,256,116.19,13.32
IMG_1540,Strawberry,Leaf_Scorch,Diseased,1721.88,256,256,122.21,95.15
IMG_1541,Peach,Bacterial_Spot,Diseased,2174.66,512,512,132.77,10.55
IMG_1542,Corn,Common_Rust,Diseased,1223.94,256,256,178.57,113.6
IMG_1543,Cherry,Healthy,Healthy,1856.45,256,256,84.53,39.93
IMG_1544,Peach,Bacterial_Spot,Diseased,1948.57,256,256,129.61,14.03
IMG_1545,Cherry,Powdery_Mildew,Diseased,1020.82,512,512,89.98,14.76
IMG_1546,Tomato,Late_Blight,Diseased,1329.37,512,512,,25.9
IMG_1547,Peach,Bacterial_Spot,Diseased,1688.4,256,256,140.2,29.97
IMG_1548,Grape,Black_Rot,Diseased,1147.93,256,256,180.6,28.54
IMG_1549,Grape,Black_Rot,Diseased,708.39,512,512,93.58,14.99
IMG_1550,Potato,Healthy,Healthy,2310.73,256,256,107.66,39.67
IMG_1551,Corn,Healthy,Healthy,796.72,256,256,102.7,34.86
IMG_1552,Cherry,Healthy,Healthy,1399.55,512,512,78.49,67.73
IMG_1553,Potato,Late_Blight,Diseased,1334.46,1024,1024,141.75,48.93
IMG_1554,Grape,Black_Rot,Diseased,1466.77,256,256,96.41,16.81
IMG_1555,Potato,Late_Blight,Diseased,1380.42,1024,1024,120.63,25.29
IMG_1556,Strawberry,Healthy,Healthy,1590.63,256,256,169.96,71.11
IMG_1557,Corn,Common_Rust,Diseased,1537.72,256,256,,24.56
IMG_1558,Tomato,Early_Blight,Diseased,742.94,256,256,114.99,27.3
IMG_1559,Apple,Rust,Diseased,936.42,256,256,144.63,74.81
IMG_1560,Grape,Black_Rot,Diseased,1610.0,1024,1024,107.71,30.01
IMG_1561,Cherry,Healthy,Healthy,1821.83,256,256,12.7,51.56
IMG_1562,Pepper,Bell_Bacterial_Spot,Diseased,1831.46,256,256,,66.08
IMG_1563,Apple,Rust,Diseased,2300.41,1024,1024,98.23,42.38
IMG_1564,Cherry,Healthy,Healthy,1859.56,512,512,128.42,11.65
IMG_1565,Tomato,Healthy,Healthy,699.69,256,256,96.97,39.04
IMG_1566,Corn,Healthy,Healthy,1780.64,512,512,148.27,77.45
IMG_1567,Corn,Common_Rust,Diseased,982.58,512,512,90.75,11.47
IMG_1568,Peach,Healthy,Healthy,999.96,256,256,155.18,37.8
IMG_1569,Tomato,Early_Blight,Diseased,,512,512,111.08,90.99
IMG_1570,Grape,Healthy,Healthy,1867.18,256,256,108.57,46.49
IMG_1571,Grape,Healthy,Healthy,2190.03,256,256,143.71,23.21
IMG_1572,Tomato,Healthy,Healthy,2195.05,512,512,82.34,57.79
IMG_1573,Strawberry,Leaf_Scorch,Diseased,1012.07,512,512,105.27,167.94
IMG_1574,Peach,Bacterial_Spot,Diseased,2391.4,512,512,131.31,13.79
IMG_1575,Pepper,Bell_Bacterial_Spot,Diseased,1233.62,256,256,162.33,35.79
IMG_1576,Cherry,Powdery_Mildew,Diseased,1068.93,256,256,143.25,10.07
IMG_1577,Grape,Black_Rot,Diseased,1284.32,256,256,131.52,20.14
IMG_1578,Apple,Rust,Diseased,1378.28,256,256,91.0,120.51
IMG_1579,Apple,Black_Rot,Diseased,1209.83,512,512,141.18,38.44
IMG_1580,Cherry,Powdery_Mildew,Diseased,1441.21,256,256,146.02,39.86
IMG_1581,Corn,Common_Rust,Diseased,1823.12,1024,1024,101.8,195.33
IMG_1582,Tomato,Healthy,Healthy,1484.4,512,512,174.85,73.34
IMG_1583,Cherry,Healthy,Healthy,1665.1,512,512,89.52,66.64
IMG_1584,Strawberry,Healthy,Healthy,2432.26,256,256,84.48,86.8
IMG_1585,Peach,Healthy,Healthy,1539.76,256,256,160.47,21.92
IMG_1586,Grape,Healthy,Healthy,1169.86,256,256,139.85,147.42
IMG_1587,Strawberry,Leaf_Scorch,Diseased,1949.37,512,512,149.73,28.88
IMG_1588,Grape,Black_Rot,Diseased,1770.8,256,256,150.41,38.7
IMG_1589,Grape,Healthy,Healthy,1203.24,256,256,147.98,19.17
IMG_1590,Strawberry,Leaf_Scorch,Diseased,1463.19,1024,1024,79.24,94.52
IMG_1591,Strawberry,Leaf_Scorch,Diseased,1563.85,256,256,150.56,22.03
IMG_1592,Pepper,Bell_Bacterial_Spot,Diseased,1694.04,256,256,148.18,59.01
IMG_1593,Apple,Rust,Diseased,1485.38,256,256,117.3,28.39
IMG_1594,Pepper,Bell_Bacterial_Spot,Diseased,2261.49,1024,1024,125.48,65.35
IMG_1595,Peach,Healthy,Healthy,1054.5,256,256,108.91,20.42
IMG_1596,Corn,Common_Rust,Diseased,2038.01,1024,1024,153.11,54.26
IMG_1597,Peach,Healthy,Healthy,1722.83,512,512,91.09,16.88
IMG_1598,Pepper,Healthy,Healthy,852.91,256,256,155.89,69.01
IMG_1599,Apple,Healthy,Healthy,1479.69,512,512,164.17,62.54
IMG_1600,Corn,Common_Rust,Diseased,1564.08,256,256,168.37,49.6
IMG_1601,Potato,Healthy,Healthy,2022.16,256,256,137.56,38.26
IMG_1602,Grape,Healthy,Healthy,1469.22,256,256,103.44,93.45
IMG_1603,Strawberry,Leaf_Scorch,Diseased,1015.91,1024,1024,169.02,59.03
IMG_1604,Cherry,Healthy,Healthy,1598.27,256,256,123.14,21.51
IMG_1605,Tomato,Late_Blight,Diseased,1726.43,256,256,167.24,112.5
IMG_1606,Cherry,Healthy,Healthy,1475.97,256,256,102.57,23.1
IMG_1607,Tomato,Healthy,Healthy,938.34,256,256,89.47,67.83
IMG_1608,Cherry,Powdery_Mildew,Diseased,1894.09,256,256,108.11,35.6
IMG_1609,Tomato,Healthy,Healthy,,256,256,167.6,25.4
IMG_1610,Pepper,Bell_Bacterial_Spot,Diseased,,256,256,132.5,62.75
IMG_1611,Cherry,Healthy,Healthy,1452.74,256,256,,204.0
IMG_1612,Pepper,Bell_Bacterial_Spot,Diseased,1226.98,512,512,157.08,16.46
IMG_1613,Tomato,Healthy,Healthy,1792.1,512,512,127.3,18.11
IMG_1614,Tomato,Healthy,Healthy,1351.49,512,512,180.11,89.83
IMG_1615,Pepper,Bell_Bacterial_Spot,Diseased,1092.48,256,256,115.58,71.12
IMG_1616,Potato,Late_Blight,Diseased,1174.13,256,256,95.1,25.88
IMG_1617,Potato,Healthy,Healthy,1339.95,256,256,110.39,13.31
IMG_1618,Strawberry,Leaf_Scorch,Diseased,1701.66,512,512,111.88,17.21
IMG_1619,Cherry,Healthy,Healthy,2122.44,512,512,95.56,63.2
IMG_1620,Pepper,Healthy,Healthy,1598.69,1024,1024,161.98,109.74
IMG_1621,Peach,Bacterial_Spot,Diseased,2083.37,256,256,159.4,56.33
IMG_1622,Pepper,Bell_Bacterial_Spot,Diseased,1532.55,512,512,116.83,54.78
IMG_1623,Cherry,Healthy,Healthy,1050.87,256,256,130.21,35.85
IMG_1624,Grape,Black_Rot,Diseased,1201.3,256,256,146.91,120.01
IMG_1625,Corn,Healthy,Healthy,1322.63,256,256,146.89,43.32
IMG_1626,Strawberry,Leaf_Scorch,Diseased,1391.89,256,256,139.79,67.44
IMG_1627,Strawberry,Leaf_Scorch,Diseased,1587.34,512,512,133.33,34.37
IMG_1628,Grape,Healthy,Healthy,1887.17,512,512,108.92,181.05
IMG_1629,Tomato,Healthy,Healthy,999.9,256,256,109.27,18.74
IMG_1630,Strawberry,Leaf_Scorch,Diseased,1505.52,512,512,112.39,21.69
IMG_1631,Peach,Bacterial_Spot,Diseased,1523.96,512,512,120.35,13.92
IMG_1632,Strawberry,Leaf_Scorch,Diseased,1549.5,256,256,126.77,26.24
IMG_1633,Apple,Rust,Diseased,1120.36,256,256,138.65,85.1
IMG_1634,Apple,Rust,Diseased,1383.11,256,256,148.97,14.26
IMG_1635,Grape,Black_Rot,Diseased,1656.75,512,512,168.32,28.54
IMG_1636,Pepper,Bell_Bacterial_Spot,Diseased,1086.16,256,256,149.3,43.68
IMG_1637,,Healthy,Healthy,1636.5,256,256,143.96,25.93
IMG_1638,Tomato,Late_Blight,Diseased,1370.13,256,256,91.31,134.47
IMG_1639,Strawberry,Leaf_Scorch,Diseased,1351.42,256,256,125.94,48.74
IMG_1640,Grape,Healthy,Healthy,789.61,256,256,143.31,39.52
IMG_1641,Grape,Healthy,Healthy,1698.31,256,256,71.27,53.72
IMG_1642,Corn,Healthy,Healthy,1757.76,256,256,121.91,78.42
IMG_1643,Apple,Healthy,Healthy,973.68,256,256,147.39,67.4
IMG_1644,Apple,Rust,Diseased,1313.62,512,512,151.79,57.74
IMG_1645,Grape,Healthy,Healthy,818.15,512,512,110.4,19.98
IMG_1646,Peach,Bacterial_Spot,Diseased,1466.75,256,256,87.54,64.22
IMG_1647,Pepper,Bell_Bacterial_Spot,Diseased,,512,512,97.85,11.6
IMG_1648,Apple,Black_Rot,Diseased,1520.42,512,512,140.12,22.28
IMG_1649,Apple,Healthy,Healthy,1058.22,256,256,103.96,138.31
IMG_1650,Peach,Bacterial_Spot,Diseased,1673.42,256,256,105.02,24.29
IMG_1651,Peach,Healthy,Healthy,1216.95,256,256,74.33,1.28
IMG_1652,Corn,Healthy,Healthy,1718.16,512,512,144.53,29.68
IMG_1653,Grape,Black_Rot,Diseased,1657.04,256,256,148.98,28.5
IMG_1654,Potato,Healthy,Healthy,762.95,512,512,102.7,41.54
IMG_1655,Potato,Early_Blight,Diseased,1454.54,256,256,109.01,49.12
IMG_1656,Tomato,Healthy,Healthy,2139.65,256,256,136.59,198.46
IMG_1657,Pepper,Bell_Bacterial_Spot,Diseased,1412.29,256,256,115.56,33.49
IMG_1658,Strawberry,Leaf_Scorch,Diseased,2507.81,256,256,101.94,97.13
IMG_1659,Peach,Bacterial_Spot,Diseased,1414.15,256,256,120.72,12.85
IMG_1660,Corn,Common_Rust,Diseased,690.02,256,256,170.12,45.94
IMG_1661,Pepper,Healthy,Healthy,1044.2,256,256,121.4,11.19
IMG_1662,Pepper,Healthy,Healthy,1565.46,256,256,92.22,37.02
IMG_1663,Grape,Black_Rot,Diseased,1769.39,1024,1024,121.33,121.22
IMG_1664,Grape,Black_Rot,Diseased,1089.3,512,512,156.64,42.55
IMG_1665,Tomato,Healthy,Healthy,,256,256,99.49,58.98
IMG_1666,Tomato,Healthy,Healthy,1406.84,512,512,180.82,17.52
IMG_1667,Peach,Healthy,Healthy,2109.44,256,256,126.05,50.69
IMG_1668,Tomato,Early_Blight,Diseased,1234.82,1024,1024,134.7,58.99
IMG_1669,Potato,Early_Blight,Diseased,1505.87,512,512,165.86,25.62
IMG_1670,Strawberry,Leaf_Scorch,Diseased,742.37,512,512,80.74,36.51
IMG_1671,Pepper,Healthy,Healthy,1165.52,256,256,162.42,118.71
IMG_1672,Cherry,Healthy,Healthy,1393.67,256,256,166.95,52.72
IMG_1673,Strawberry,Healthy,Healthy,1616.69,256,256,175.69,104.7
IMG_1674,Apple,Healthy,Healthy,1585.64,256,256,95.05,112.35
IMG_1675,Pepper,Bell_Bacterial_Spot,Diseased,1767.78,256,256,114.66,59.98
IMG_1676,Peach,Bacterial_Spot,Diseased,1455.15,256,256,137.35,63.64
IMG_1677,Pepper,Healthy,Healthy,1234.92,256,256,101.7,10.93
IMG_1678,Pepper,Healthy,Healthy,1534.7,256,256,115.64,117.91
IMG_1679,Grape,Healthy,Healthy,1639.3,256,256,143.09,121.81
IMG_1680,Grape,Healthy,Healthy,1920.18,1024,1024,73.18,21.12
IMG_1681,Potato,Healthy,Healthy,2090.87,1024,1024,16.85,111.3
IMG_1682,Corn,Common_Rust,Diseased,2279.39,512,512,115.79,27.36
IMG_1683,Potato,Healthy,Healthy,1137.02,1024,1024,155.12,10.31
IMG_1684,Grape,Healthy,Healthy,1510.25,512,512,146.63,136.63
IMG_1685,Tomato,Early_Blight,Diseased,1495.92,256,256,154.98,20.78
IMG_1686,Pepper,Healthy,Healthy,1612.7,512,512,169.73,22.16
IMG_1687,Apple,Rust,Diseased,1900.73,256,256,158.57,110.82
IMG_1688,Cherry,Healthy,Healthy,1660.2,256,256,106.22,117.89
IMG_1689,Cherry,Powdery_Mildew,Diseased,1041.97,256,256,100.17,79.88
IMG_1690,Corn,Healthy,Healthy,1843.44,512,512,126.9,196.18
IMG_1691,Peach,Healthy,Healthy,2255.05,256,256,163.77,141.3
IMG_1692,Peach,Bacterial_Spot,Diseased,1113.91,256,256,103.22,34.3
IMG_1693,Grape,Black_Rot,Diseased,1847.29,256,256,147.01,55.99
IMG_1694,Pepper,Bell_Bacterial_Spot,Diseased,1237.35,256,256,107.44,117.11
IMG_1695,Potato,Late_Blight,Diseased,1960.44,256,256,168.72,19.3
IMG_1696,Apple,Rust,Diseased,1682.16,1024,1024,120.65,32.01
IMG_1697,Apple,Black_Rot,Diseased,,256,256,106.98,37.99
IMG_1698,Grape,Healthy,Healthy,1288.37,512,512,128.81,10.92
IMG_1699,Apple,Healthy,Healthy,1448.05,256,256,141.95,20.93
IMG_1700,Peach,Bacterial_Spot,Diseased,1348.18,256,256,90.2,50.13
IMG_1701,Tomato,Early_Blight,Diseased,8812.91,256,256,108.19,36.55
IMG_1702,Tomato,Early_Blight,Diseased,1724.27,256,256,139.0,40.93
IMG_1703,Tomato,Early_Blight,Diseased,1190.29,256,256,168.57,72.91
IMG_1704,Tomato,Healthy,Healthy,1410.53,512,512,106.43,15.39
IMG_1705,Pepper,Healthy,Healthy,1819.43,512,512,132.68,49.29
IMG_1706,Potato,Early_Blight,Diseased,972.08,256,256,119.28,102.16
IMG_1707,Peach,Healthy,Healthy,1311.9,256,256,86.58,15.92
IMG_1708,Corn,Common_Rust,Diseased,2099.42,256,256,,38.2
IMG_1709,Strawberry,Healthy,Healthy,1548.32,256,256,176.01,31.17
IMG_1710,Corn,Common_Rust,Diseased,1199.99,256,256,133.13,45.12
IMG_1711,Cherry,Powdery_Mildew,Diseased,1922.52,256,256,147.5,20.52
IMG_1712,Pepper,Healthy,Healthy,1659.01,256,256,134.07,32.34
IMG_1713,Corn,Healthy,Healthy,1710.76,256,256,145.13,17.87
IMG_1714,Strawberry,Leaf_Scorch,Diseased,834.0,256,256,123.62,194.65
IMG_1715,Tomato,Late_Blight,Diseased,1391.78,256,256,107.45,60.07
IMG_1716,Tomato,Early_Blight,Diseased,1506.46,256,256,126.86,27.37
IMG_1717,Pepper,Healthy,Healthy,1321.93,256,256,,29.69
IMG_1718,Peach,Healthy,Healthy,1397.04,512,512,156.62,77.1
IMG_1719,Potato,Late_Blight,Diseased,1404.39,512,512,144.52,125.87
IMG_1720,Pepper,Bell_Bacterial_Spot,Diseased,1074.36,256,256,119.24,91.01
IMG_1721,Peach,Healthy,Healthy,1520.45,512,512,160.32,60.83
IMG_1722,Strawberry,Leaf_Scorch,Diseased,1349.29,1024,1024,143.23,52.21
IMG_1723,Strawberry,Healthy,Healthy,1798.85,256,256,126.75,41.21
IMG_1724,Grape,Black_Rot,Diseased,1639.05,256,256,100.68,44.67
IMG_1725,Peach,Bacterial_Spot,Diseased,1461.95,512,512,138.87,52.36
IMG_1726,Grape,Healthy,Healthy,935.17,256,256,106.45,172.1
IMG_1727,Cherry,Powdery_Mildew,Diseased,1952.21,256,256,158.75,34.94
IMG_1728,Corn,Healthy,Healthy,1512.32,512,512,94.38,51.67
IMG_1729,Apple,Black_Rot,Diseased,942.47,256,256,152.14,111.18
IMG_1730,Grape,Black_Rot,Diseased,1573.65,256,256,103.99,113.04
IMG_1731,Potato,Healthy,Healthy,498.76,512,512,138.39,76.88
IMG_1732,Peach,Healthy,Healthy,,256,256,112.83,58.28
IMG_1733,Peach,Healthy,Healthy,1862.26,1024,1024,144.62,18.76
IMG_1734,Pepper,Bell_Bacterial_Spot,Diseased,1560.93,256,256,121.26,59.3
IMG_1735,Corn,Healthy,Healthy,1425.43,256,256,101.56,49.78
IMG_1736,Potato,Healthy,Healthy,1308.26,512,512,105.55,68.06
IMG_1737,Tomato,Early_Blight,Diseased,2216.08,512,512,134.4,60.71
IMG_1738,Grape,Black_Rot,Diseased,1741.69,256,256,83.15,45.78
IMG_1739,Corn,Healthy,Healthy,717.26,256,256,119.08,34.22
IMG_1740,Potato,Early_Blight,Diseased,1403.46,256,256,93.33,27.2
IMG_1741,Corn,Common_Rust,Diseased,1684.86,256,256,161.6,33.75
IMG_1742,Corn,Common_Rust,Diseased,,256,256,126.65,95.14
IMG_1743,Corn,Healthy,Healthy,1682.89,512,512,109.83,10.97
IMG_1744,Peach,Healthy,Healthy,2041.1,256,256,,76.19
IMG_1745,Corn,Common_Rust,Diseased,1042.26,256,256,92.15,41.33
IMG_1746,Strawberry,Leaf_Scorch,Diseased,1259.79,256,256,105.69,52.46
IMG_1747,Potato,Healthy,Healthy,1123.14,256,256,96.09,154.62
IMG_1748,Corn,Healthy,Healthy,1577.21,256,256,136.98,141.37
IMG_1749,Potato,Late_Blight,Diseased,1580.8,256,256,90.84,50.4
IMG_1750,Potato,Early_Blight,Diseased,1670.25,1024,1024,114.26,106.43
IMG_1751,,Black_Rot,Diseased,1517.59,256,256,183.01,12.0
IMG_1752,Apple,Rust,Diseased,916.4,256,256,147.33,98.93
IMG_1753,Apple,Healthy,Healthy,834.99,256,256,102.42,90.46
IMG_1754,Pepper,Bell_Bacterial_Spot,Diseased,901.2,256,256,146.17,119.98
IMG_1755,Grape,Black_Rot,Diseased,1387.78,256,256,154.8,12.7
IMG_1756,Corn,Healthy,Healthy,1795.38,256,256,92.21,53.87
IMG_1757,Pepper,Bell_Bacterial_Spot,Diseased,653.24,256,256,116.16,105.01
IMG_1758,Apple,Healthy,Healthy,1998.37,1024,1024,131.91,28.89
IMG_1759,Apple,Rust,Diseased,1510.47,256,256,90.98,27.5
IMG_1760,Tomato,Early_Blight,Diseased,1528.51,1024,1024,80.38,96.18
IMG_1761,Cherry,Powdery_Mildew,Diseased,583.48,256,256,85.82,20.33
IMG_1762,Peach,Healthy,Healthy,1056.6,256,256,82.97,33.75
IMG_1763,Apple,Rust,Diseased,1335.03,256,256,121.7,43.6
IMG_1764,Tomato,Late_Blight,Diseased,918.04,256,256,80.9,106.06
IMG_1765,Grape,Healthy,Healthy,1616.08,256,256,98.91,37.05
IMG_1766,Strawberry,Leaf_Scorch,Diseased,1649.87,256,256,172.69,53.06
IMG_1767,,Common_Rust,Diseased,292.58,256,256,139.09,73.51
IMG_1768,Apple,Rust,Diseased,2131.58,256,256,120.18,26.72
IMG_1769,Strawberry,Healthy,Healthy,1471.31,256,256,83.52,24.36
IMG_1770,Grape,Healthy,Healthy,1597.77,256,256,125.04,13.75
IMG_1771,Corn,Healthy,Healthy,1693.17,256,256,100.16,42.87
IMG_1772,Tomato,Early_Blight,Diseased,1998.72,512,512,143.0,52.57
IMG_1773,Peach,Healthy,Healthy,1437.5,256,256,148.78,44.25
IMG_1774,Tomato,Late_Blight,Diseased,1940.94,256,256,146.74,77.67
IMG_1775,Pepper,Bell_Bacterial_Spot,Diseased,1175.99,512,512,148.13,10.06
IMG_1776,Grape,Healthy,Healthy,1856.6,256,256,91.08,87.34
IMG_1777,Potato,Healthy,Healthy,1470.97,512,512,97.88,164.12
IMG_1778,Corn,Healthy,Healthy,1160.04,512,512,104.35,50.88
IMG_1779,Apple,Black_Rot,Diseased,1168.27,1024,1024,116.19,25.89
IMG_1780,Corn,Common_Rust,Diseased,1736.63,256,256,101.07,66.73
IMG_1781,Peach,Healthy,Healthy,1122.8,256,256,116.07,95.84
IMG_1782,Cherry,Powdery_Mildew,Diseased,1164.86,256,256,95.84,88.17
IMG_1783,Pepper,Bell_Bacterial_Spot,Diseased,1571.08,512,512,121.58,83.1
IMG_1784,Tomato,Healthy,Healthy,1182.14,256,256,90.68,21.62
IMG_1785,Apple,Healthy,Healthy,1220.18,256,256,133.38,86.82
IMG_1786,Tomato,Late_Blight,Diseased,1174.43,256,256,97.53,81.81
IMG_1787,Potato,Early_Blight,Diseased,1488.08,512,512,99.16,27.24
IMG_1788,Peach,Healthy,Healthy,1709.83,256,256,93.44,24.67
IMG_1789,Grape,Healthy,Healthy,1357.55,256,256,114.16,48.55
IMG_1790,Apple,Rust,Diseased,1935.16,512,512,129.7,50.97
IMG_1791,Tomato,Late_Blight,Diseased,1658.31,512,512,136.5,45.88
IMG_1792,Tomato,Early_Blight,Diseased,1542.59,256,256,95.93,40.46
IMG_1793,Apple,Black_Rot,Diseased,1344.26,256,256,86.45,45.62
IMG_1794,Grape,Black_Rot,Diseased,973.27,512,512,170.04,24.64
IMG_1795,Peach,Bacterial_Spot,Diseased,1363.87,1024,1024,94.07,46.47
IMG_1796,Pepper,Healthy,Healthy,1500.12,256,256,96.22,25.32
IMG_1797,Peach,Healthy,Healthy,1075.04,256,256,155.35,17.99
IMG_1798,Tomato,Early_Blight,Diseased,1397.41,256,256,98.05,67.5
IMG_1799,Strawberry,Healthy,Healthy,1602.55,256,256,100.72,18.72
IMG_1800,Potato,Late_Blight,Diseased,1655.55,512,512,128.84,46.32
IMG_1801,Apple,Rust,Diseased,6901.34,256,256,15.69,7.86
IMG_1802,Grape,Black_Rot,Diseased,1326.07,512,512,132.84,12.45
IMG_1803,Tomato,Healthy,Healthy,1573.05,256,256,75.29,54.76
IMG_1804,Cherry,Healthy,Healthy,1050.24,256,256,122.26,30.54
IMG_1805,Strawberry,Healthy,Healthy,1933.79,256,256,81.22,23.64
IMG_1806,Cherry,Healthy,Healthy,1415.24,256,256,141.71,14.54
IMG_1807,Tomato,Late_Blight,Diseased,1343.62,1024,1024,119.58,45.31
IMG_1808,Tomato,Late_Blight,Diseased,1579.14,1024,1024,120.15,62.98
IMG_1809,Pepper,Bell_Bacterial_Spot,Diseased,1383.86,512,512,144.73,56.87
IMG_1810,Apple,Black_Rot,Diseased,1786.33,256,256,149.67,10.48
IMG_1811,Peach,Healthy,Healthy,1847.46,256,256,89.76,31.9
IMG_1812,Grape,Black_Rot,Diseased,2238.67,256,256,102.14,44.94
IMG_1813,Apple,Healthy,Healthy,982.12,256,256,143.11,90.46
IMG_1814,Potato,Late_Blight,Diseased,1670.92,1024,1024,146.43,15.49
IMG_1815,Cherry,Healthy,Healthy,1731.86,256,256,133.54,54.83
IMG_1816,Pepper,Healthy,Healthy,1539.09,256,256,98.88,56.53
IMG_1817,Apple,Black_Rot,Diseased,1513.07,256,256,145.18,36.3
IMG_1818,Potato,Late_Blight,Diseased,1510.6,256,256,129.96,91.07
IMG_1819,Apple,Healthy,Healthy,2073.45,256,256,103.0,21.13
IMG_1820,Pepper,Bell_Bacterial_Spot,Diseased,1947.6,256,256,130.64,101.92
IMG_1821,Potato,Late_Blight,Diseased,2285.25,512,512,91.72,24.01
IMG_1822,Peach,Bacterial_Spot,Diseased,704.13,256,256,147.01,60.04
IMG_1823,Grape,Black_Rot,Diseased,1358.12,256,256,141.16,22.09
IMG_1824,Pepper,Bell_Bacterial_Spot,Diseased,1190.78,256,256,78.96,92.84
IMG_1825,Tomato,Early_Blight,Diseased,1192.31,256,256,146.75,38.54
IMG_1826,Potato,Early_Blight,Diseased,1349.1,256,256,108.98,74.54
IMG_1827,Cherry,Powdery_Mildew,Diseased,1867.37,256,256,114.75,15.6
IMG_1828,Pepper,Bell_Bacterial_Spot,Diseased,952.98,256,256,101.05,19.64
IMG_1829,Tomato,Healthy,Healthy,1446.79,256,256,143.75,40.7
IMG_1830,Corn,Common_Rust,Diseased,1078.38,256,256,98.81,41.48
IMG_1831,Pepper,Healthy,Healthy,1315.13,256,256,157.95,22.71
IMG_1832,Strawberry,Leaf_Scorch,Diseased,1233.78,256,256,100.33,41.32
IMG_1833,Peach,Bacterial_Spot,Diseased,1593.09,256,256,165.16,64.8
IMG_1834,Tomato,Healthy,Healthy,1363.27,256,256,139.0,30.22
IMG_1835,Tomato,Healthy,Healthy,1313.35,256,256,108.35,56.1
IMG_1836,Peach,Healthy,Healthy,1352.6,256,256,145.76,23.27
IMG_1837,Grape,Black_Rot,Diseased,1495.42,256,256,103.07,57.9
IMG_1838,Tomato,Early_Blight,Diseased,1063.9,256,256,87.64,199.65
IMG_1839,Potato,Healthy,Healthy,1385.92,256,256,78.8,43.52
IMG_1840,Tomato,Late_Blight,Diseased,1883.01,1024,1024,123.85,48.76
IMG_1841,Apple,Rust,Diseased,1122.17,512,512,182.94,25.87
IMG_1842,Peach,Healthy,Healthy,1762.35,256,256,170.41,38.4
IMG_1843,Apple,Healthy,Healthy,2253.77,256,256,124.18,38.07
IMG_1844,Peach,Healthy,Healthy,1246.4,512,512,130.84,18.22
IMG_1845,Strawberry,Leaf_Scorch,Diseased,2207.48,256,256,135.28,40.35
IMG_1846,Strawberry,Healthy,Healthy,1631.96,256,256,97.03,21.4
IMG_1847,Peach,Healthy,Healthy,1873.87,256,256,143.98,68.45
IMG_1848,Tomato,Late_Blight,Diseased,1565.58,512,512,128.9,22.25
IMG_1849,Tomato,Early_Blight,Diseased,2257.58,512,512,96.46,38.21
IMG_1850,Potato,Healthy,Healthy,1630.18,256,256,164.73,118.32
IMG_1851,Strawberry,Leaf_Scorch,Diseased,1914.61,512,512,125.77,72.58
IMG_1852,Peach,Bacterial_Spot,Diseased,2548.57,256,256,116.71,226.77
IMG_1853,Tomato,Late_Blight,Diseased,,256,256,77.49,23.76
IMG_1854,Apple,Rust,Diseased,1134.13,512,512,87.45,124.36
IMG_1855,Grape,Black_Rot,Diseased,1401.17,256,256,90.32,25.85
IMG_1856,Apple,Black_Rot,Diseased,1048.13,256,256,117.36,12.06
IMG_1857,Strawberry,Leaf_Scorch,Diseased,1712.64,1024,1024,96.5,84.64
IMG_1858,Corn,Common_Rust,Diseased,2460.29,1024,1024,,95.8
IMG_1859,Potato,Healthy,Healthy,1017.05,256,256,145.43,18.08
IMG_1860,Peach,Healthy,Healthy,1927.57,512,512,146.08,28.13
IMG_1861,Apple,Healthy,Healthy,,256,256,120.14,55.01
IMG_1862,Corn,Common_Rust,Diseased,1517.25,256,256,,50.44
IMG_1863,Strawberry,Healthy,Healthy,1066.35,256,256,98.47,59.98
IMG_1864,Cherry,Powdery_Mildew,Diseased,2340.37,256,256,117.33,20.12
IMG_1865,Apple,Rust,Diseased,1155.42,1024,1024,107.85,135.93
IMG_1866,Potato,Healthy,Healthy,1539.0,512,512,132.05,29.47
IMG_1867,Grape,Black_Rot,Diseased,1439.34,256,256,174.31,19.21
IMG_1868,Tomato,Late_Blight,Diseased,1995.18,256,256,139.58,36.46
IMG_1869,Corn,Common_Rust,Diseased,1332.45,1024,1024,90.13,258.23
IMG_1870,Corn,Common_Rust,Diseased,1549.45,256,256,143.16,119.95
IMG_1871,Apple,Rust,Diseased,1899.51,256,256,126.81,37.12
IMG_1872,Corn,Healthy,Healthy,2666.51,256,256,87.46,225.43
IMG_1873,Strawberry,Leaf_Scorch,Diseased,1273.88,256,256,97.94,24.01
IMG_1874,Strawberry,Leaf_Scorch,Diseased,1624.48,256,256,128.7,40.0
IMG_1875,Cherry,Healthy,Healthy,1293.82,256,256,134.3,59.79
IMG_1876,Strawberry,Leaf_Scorch,Diseased,1510.64,512,512,87.2,19.32
IMG_1877,Tomato,Healthy,Healthy,1738.97,256,256,174.01,21.7
IMG_1878,Corn,Common_Rust,Diseased,1485.0,256,256,114.04,40.09
IMG_1879,Grape,Black_Rot,Diseased,2119.23,256,256,113.52,29.81
IMG_1880,Corn,Common_Rust,Diseased,1472.79,256,256,94.7,31.82
IMG_1881,Corn,Healthy,Healthy,2031.63,256,256,91.75,105.12
IMG_1882,Potato,Early_Blight,Diseased,2294.56,256,256,101.5,104.4
IMG_1883,Strawberry,Healthy,Healthy,1034.92,1024,1024,159.19,20.16
IMG_1884,Grape,Black_Rot,Diseased,1435.34,512,512,111.84,46.89
IMG_1885,Potato,Early_Blight,Diseased,1262.88,256,256,140.81,212.42
IMG_1886,Strawberry,Leaf_Scorch,Diseased,1490.64,256,256,150.46,114.39
IMG_1887,Apple,Healthy,Healthy,1358.62,256,256,165.3,59.86
IMG_1888,Cherry,Powdery_Mildew,Diseased,1415.22,512,512,148.48,69.83
IMG_1889,Grape,Healthy,Healthy,1371.97,256,256,139.58,31.26
IMG_1890,Apple,Black_Rot,Diseased,1698.89,256,256,126.95,62.96
IMG_1891,Strawberry,Healthy,Healthy,1727.63,256,256,115.09,109.64
IMG_1892,Tomato,Late_Blight,Diseased,1080.56,512,512,147.08,30.34
IMG_1893,Corn,Common_Rust,Diseased,1963.98,256,256,115.14,69.78
IMG_1894,Peach,Bacterial_Spot,Diseased,1665.39,512,512,141.92,217.55
IMG_1895,Strawberry,Leaf_Scorch,Diseased,476.68,256,256,149.31,21.1
IMG_1896,Grape,Black_Rot,Diseased,1392.84,512,512,72.37,82.42
IMG_1897,Grape,Black_Rot,Diseased,1528.62,256,256,106.77,19.2
IMG_1898,Pepper,Healthy,Healthy,1931.44,256,256,166.26,34.89
IMG_1899,Apple,Healthy,Healthy,1257.6,256,256,99.1,270.2
IMG_1900,Strawberry,Healthy,Healthy,1122.89,256,256,119.42,35.47
IMG_1901,Apple,Rust,Diseased,5055.66,256,256,114.95,144.88
IMG_1902,Potato,Healthy,Healthy,1451.8,256,256,129.82,57.05
IMG_1903,Peach,Bacterial_Spot,Diseased,1171.84,256,256,125.12,176.46
IMG_1904,Strawberry,Healthy,Healthy,1687.71,256,256,140.33,20.42
IMG_1905,Pepper,Healthy,Healthy,749.33,256,256,126.19,136.58
IMG_1906,Cherry,Powdery_Mildew,Diseased,1180.38,256,256,120.26,47.41
IMG_1907,Grape,Healthy,Healthy,1591.63,512,512,109.42,11.96
IMG_1908,Grape,Healthy,Healthy,1399.35,1024,1024,121.64,21.11
IMG_1909,Grape,Black_Rot,Diseased,1769.96,256,256,172.06,63.8
IMG_1910,Tomato,Healthy,Healthy,1522.65,1024,1024,179.69,34.28
IMG_1911,Peach,Bacterial_Spot,Diseased,1730.85,512,512,125.81,40.3
IMG_1912,Grape,Black_Rot,Diseased,1440.35,256,256,111.04,34.74
IMG_1913,Cherry,Powdery_Mildew,Diseased,1540.57,256,256,156.24,24.7
IMG_1914,Apple,Healthy,Healthy,1198.52,256,256,122.97,32.53
IMG_1915,Apple,Black_Rot,Diseased,1207.53,256,256,141.08,91.42
IMG_1916,Tomato,Early_Blight,Diseased,892.36,256,256,133.54,38.51
IMG_1917,Apple,Healthy,Healthy,1889.29,256,256,109.51,67.49
IMG_1918,Corn,Common_Rust,Diseased,1564.84,256,256,149.04,79.17
IMG_1919,Strawberry,Healthy,Healthy,1950.56,256,256,142.59,26.74
IMG_1920,Pepper,Bell_Bacterial_Spot,Diseased,1460.56,256,256,143.82,66.32
IMG_1921,Cherry,Healthy,Healthy,1414.49,256,256,11.53,84.41
IMG_1922,Apple,Black_Rot,Diseased,1098.68,256,256,149.58,95.42
IMG_1923,Strawberry,Leaf_Scorch,Diseased,,256,256,129.5,156.53
IMG_1924,Strawberry,Healthy,Healthy,2478.31,256,256,125.5,13.55
IMG_1925,Potato,Early_Blight,Diseased,1808.92,256,256,92.22,62.75
IMG_1926,Potato,Early_Blight,Diseased,1563.53,256,256,83.65,24.89
IMG_1927,Cherry,Powdery_Mildew,Diseased,1409.17,512,512,125.34,45.58
IMG_1928,Peach,Healthy,Healthy,,1024,1024,143.65,25.44
IMG_1929,Pepper,Healthy,Healthy,1424.92,256,256,127.2,13.72
IMG_1930,Potato,Early_Blight,Diseased,1084.51,512,512,117.52,22.58
IMG_1931,Tomato,Healthy,Healthy,1736.09,1024,1024,133.74,37.11
IMG_1932,Strawberry,Healthy,Healthy,1638.3,512,512,127.62,119.93
IMG_1933,Apple,Rust,Diseased,879.59,256,256,158.75,34.29
IMG_1934,Corn,Healthy,Healthy,2102.08,256,256,112.46,437.16
IMG_1935,Tomato,Late_Blight,Diseased,1156.19,512,512,154.93,17.87
IMG_1936,Cherry,Healthy,Healthy,2012.87,256,256,137.2,40.14
IMG_1937,Corn,Healthy,Healthy,1855.94,1024,1024,106.26,81.0
IMG_1938,Pepper,Bell_Bacterial_Spot,Diseased,1668.31,256,256,123.74,109.21
IMG_1939,Grape,Healthy,Healthy,2148.31,256,256,133.8,83.4
IMG_1940,Apple,Healthy,Healthy,1344.58,1024,1024,76.07,72.01
IMG_1941,Tomato,Healthy,Healthy,1801.57,256,256,100.45,15.47
IMG_1942,Grape,Healthy,Healthy,1600.59,256,256,123.33,134.06
IMG_1943,Corn,Common_Rust,Diseased,1967.79,256,256,114.43,12.85
IMG_1944,Strawberry,Leaf_Scorch,Diseased,1864.31,1024,1024,125.39,20.45
IMG_1945,Apple,Black_Rot,Diseased,1478.45,256,256,132.91,48.78
IMG_1946,Apple,Rust,Diseased,1202.86,512,512,75.38,110.36
IMG_1947,Potato,Late_Blight,Diseased,1935.04,256,256,157.98,43.42
IMG_1948,Tomato,Late_Blight,Diseased,760.16,256,256,94.61,31.66
IMG_1949,Cherry,Healthy,Healthy,1922.03,256,256,119.75,16.72
IMG_1950,Apple,Rust,Diseased,1582.97,256,256,112.99,63.26
IMG_1951,Corn,Common_Rust,Diseased,1658.56,256,256,96.77,5.08
IMG_1952,Pepper,Healthy,Healthy,1328.85,512,512,99.08,97.78
IMG_1953,Corn,Healthy,Healthy,1369.54,256,256,90.52,31.84
IMG_1954,Tomato,Early_Blight,Diseased,1218.85,1024,1024,132.28,44.47
IMG_1955,Potato,Healthy,Healthy,1349.63,256,256,102.07,72.01
IMG_1956,Tomato,Early_Blight,Diseased,1604.47,256,256,172.94,81.71
IMG_1957,Potato,Early_Blight,Diseased,1637.18,512,512,120.12,67.06
IMG_1958,Tomato,Late_Blight,Diseased,1241.19,256,256,101.59,47.67
IMG_1959,Potato,Late_Blight,Diseased,1167.48,256,256,122.48,19.27
IMG_1960,Grape,Healthy,Healthy,1303.62,512,512,154.03,29.78
IMG_1961,Corn,Common_Rust,Diseased,2230.89,256,256,114.79,21.8
IMG_1962,Cherry,Powdery_Mildew,Diseased,2267.5,256,256,123.31,13.81
IMG_1963,Pepper,Bell_Bacterial_Spot,Diseased,1234.66,512,512,118.32,60.65
IMG_1964,Grape,Healthy,Healthy,949.94,256,256,110.35,89.37
IMG_1965,Corn,Common_Rust,Diseased,1530.95,512,512,109.8,108.56
IMG_1966,Grape,Healthy,Healthy,1855.71,256,256,178.35,169.95
IMG_1967,Peach,Healthy,Healthy,1911.76,512,512,126.65,41.16
IMG_1968,Grape,Healthy,Healthy,1311.37,256,256,124.79,10.87
IMG_1969,Apple,Rust,Diseased,1256.77,256,256,169.32,18.24
IMG_1970,Apple,Rust,Diseased,2169.7,256,256,131.64,65.54
IMG_1971,Potato,Late_Blight,Diseased,1082.12,256,256,161.72,29.09
IMG_1972,Strawberry,Healthy,Healthy,1573.8,256,256,155.11,35.2
IMG_1973,Pepper,Bell_Bacterial_Spot,Diseased,1455.66,512,512,101.05,19.77
IMG_1974,Corn,Healthy,Healthy,1569.27,256,256,112.02,14.56
IMG_1975,Tomato,Late_Blight,Diseased,1630.27,1024,1024,,68.78
IMG_1976,Grape,Healthy,Healthy,1735.27,1024,1024,121.74,238.05
IMG_1977,Grape,Black_Rot,Diseased,1568.02,256,256,107.27,49.1
IMG_1978,Apple,Healthy,Healthy,1013.49,256,256,102.76,11.5
IMG_1979,Peach,Bacterial_Spot,Diseased,2054.9,512,512,133.52,50.3
IMG_1980,Cherry,Healthy,Healthy,1669.0,256,256,,148.44
IMG_1981,Tomato,Healthy,Healthy,1595.82,512,512,88.26,13.98
IMG_1982,Peach,Healthy,Healthy,,256,256,80.48,99.73
IMG_1983,Cherry,Powdery_Mildew,Diseased,906.7,256,256,106.44,135.17
IMG_1984,Pepper,Healthy,Healthy,1639.91,256,256,131.03,119.08
IMG_1985,Peach,Healthy,Healthy,1440.05,256,256,98.3,66.87
IMG_1986,Corn,Common_Rust,Diseased,1944.92,256,256,119.97,22.28
IMG_1987,Strawberry,Leaf_Scorch,Diseased,1021.96,256,256,149.13,97.43
IMG_1988,Corn,Healthy,Healthy,1776.89,512,512,133.57,91.03
IMG_1989,Apple,Rust,Diseased,1359.19,256,256,144.2,38.7
IMG_1990,Pepper,Bell_Bacterial_Spot,Diseased,1395.79,256,256,76.21,11.05
IMG_1991,Peach,Bacterial_Spot,Diseased,1351.69,256,256,102.29,59.22
IMG_1992,Cherry,Healthy,Healthy,1450.47,256,256,81.13,131.55
IMG_1993,Tomato,Late_Blight,Diseased,1523.82,512,512,92.52,11.78
IMG_1994,Peach,Healthy,Healthy,1619.48,256,256,112.6,55.46
IMG_1995,Strawberry,Healthy,Healthy,727.05,256,256,120.74,233.96
IMG_1996,Pepper,Bell_Bacterial_Spot,Diseased,1368.08,256,256,145.53,66.9
IMG_1997,Grape,Healthy,Healthy,1663.69,256,256,143.22,124.27
IMG_1998,Potato,Late_Blight,Diseased,1329.63,512,512,107.02,57.56
IMG_1999,Pepper,Bell_Bacterial_Spot,Diseased,1580.34,256,256,119.24,21.89
IMG_2000,Strawberry,Leaf_Scorch,Diseased,1357.83,512,512,161.58,14.02
IMG_0453,Potato,Late_Blight,Diseased,1677.85,256,256,104.08,70.64
IMG_0213,Potato,Healthy,Healthy,,256,256,118.75,35.31
IMG_0040,Tomato,Healthy,Healthy,2237.37,256,256,110.98,14.22
IMG_0010,Cherry,Powdery_Mildew,Diseased,1855.1,256,256,82.21,29.67
IMG_0449,Potato,Healthy,Healthy,1076.44,1024,1024,113.95,69.72
IMG_0015,Grape,Healthy,Healthy,1362.37,256,256,147.06,62.16
IMG_0404,Strawberry,Healthy,Healthy,1618.85,512,512,128.7,12.57
IMG_0936,Peach,Healthy,Healthy,1349.37,256,256,125.36,119.29
IMG_1390,Peach,Healthy,Healthy,1936.41,256,256,141.35,50.24
IMG_0605,Peach,Bacterial_Spot,Diseased,1418.51,512,512,98.83,49.8
IMG_1886,Strawberry,Leaf_Scorch,Diseased,1490.64,256,256,150.46,114.39
IMG_0247,Grape,Healthy,Healthy,1229.01,256,256,88.75,11.48
IMG_1889,Grape,Healthy,Healthy,1371.97,256,256,139.58,31.26
IMG_1578,Apple,Rust,Diseased,1378.28,256,256,91.0,120.51
IMG_0085,Potato,Healthy,Healthy,940.57,256,256,87.33,20.32
IMG_0382,Strawberry,Leaf_Scorch,Diseased,800.31,512,512,110.18,33.04
IMG_1975,Tomato,Late_Blight,Diseased,1630.27,1024,1024,,68.78
IMG_1745,Corn,Common_Rust,Diseased,1042.26,256,256,92.15,41.33
IMG_0135,Tomato,Late_Blight,Diseased,960.21,256,256,107.01,47.64
IMG_0902,Tomato,Healthy,Healthy,983.79,256,256,180.39,37.39
IMG_0839,Tomato,Healthy,Healthy,1911.51,256,256,164.34,46.4
IMG_1246,Potato,Late_Blight,Diseased,1317.98,512,512,96.05,37.5
IMG_1878,Corn,Common_Rust,Diseased,1485.0,256,256,114.04,40.09
IMG_0697,Strawberry,Healthy,Healthy,2247.53,256,256,150.4,83.95
IMG_1317,Corn,Healthy,Healthy,1206.83,1024,1024,142.98,42.15
IMG_0553,Tomato,Healthy,Healthy,674.02,256,256,137.68,34.49
IMG_1940,Apple,Healthy,Healthy,1344.58,1024,1024,76.07,72.01
IMG_0894,Potato,Late_Blight,Diseased,1341.52,512,512,96.25,37.39
IMG_0529,Potato,Healthy,Healthy,1097.49,256,256,154.66,64.11
IMG_0286,Grape,Black_Rot,Diseased,1668.67,1024,1024,122.5,26.53
IMG_0569,Apple,Black_Rot,Diseased,1519.31,256,256,117.9,16.03
IMG_1462,Peach,Healthy,Healthy,1659.17,256,256,129.06,71.4
IMG_0625,Corn,Common_Rust,Diseased,1418.83,512,512,109.82,146.51
IMG_1958,Tomato,Late_Blight,Diseased,1241.19,256,256,101.59,47.67
IMG_1036,Potato,Healthy,Healthy,1951.07,256,256,135.41,22.5
IMG_1898,Pepper,Healthy,Healthy,1931.44,256,256,166.26,34.89
IMG_0952,Strawberry,Healthy,Healthy,1777.59,256,256,130.99,23.34
IMG_0890,,Healthy,Healthy,,256,256,96.83,168.48
IMG_1954,Tomato,Early_Blight,Diseased,1218.85,1024,1024,132.28,44.47
IMG_0910,Pepper,Healthy,Healthy,,512,512,165.96,44.0
IMG_0008,Peach,Bacterial_Spot,Diseased,1082.44,256,256,138.86,26.49
IMG_0749,Tomato,Healthy,Healthy,1779.69,256,256,92.18,130.16
IMG_0447,Strawberry,Healthy,Healthy,1921.84,256,256,130.18,41.68
IMG_1433,Grape,Black_Rot,Diseased,1884.72,256,256,156.54,14.78
IMG_1935,Tomato,Late_Blight,Diseased,1156.19,512,512,154.93,17.87
IMG_1574,Peach,Bacterial_Spot,Diseased,2391.4,512,512,131.31,13.79
IMG_1431,Grape,Healthy,Healthy,1581.92,256,256,96.23,36.07
IMG_0259,Cherry,Powdery_Mildew,Diseased,1854.53,1024,1024,118.35,25.61
IMG_1073,Grape,Healthy,Healthy,1443.92,256,256,168.45,69.91
IMG_1195,Grape,Black_Rot,Diseased,1844.69,256,256,,24.79
